timestamp,close
2000-01-03 00:00:00+00:00,91.13275146484375
2000-01-04 00:00:00+00:00,87.56890869140625
2000-01-05 00:00:00+00:00,87.72559356689453
2000-01-06 00:00:00+00:00,86.31568908691406
2000-01-07 00:00:00+00:00,91.32853698730469
2000-01-10 00:00:00+00:00,91.641845703125
2000-01-11 00:00:00+00:00,90.54534149169922
2000-01-12 00:00:00+00:00,89.64452362060547
2000-01-13 00:00:00+00:00,90.85860443115234
2000-01-14 00:00:00+00:00,92.09223937988281
2000-01-18 00:00:00+00:00,91.36772918701172
2000-01-19 00:00:00+00:00,92.11186218261719
2000-01-20 00:00:00+00:00,90.70195770263672
2000-01-21 00:00:00+00:00,90.50616455078125
2000-01-24 00:00:00+00:00,87.94090270996094
2000-01-25 00:00:00+00:00,88.93960571289062
2000-01-26 00:00:00+00:00,88.23466491699219
2000-01-27 00:00:00+00:00,87.88215637207031
2000-01-28 00:00:00+00:00,85.14077758789062
2000-01-31 00:00:00+00:00,87.45142364501953
2000-02-01 00:00:00+00:00,88.31300354003906
2000-02-02 00:00:00+00:00,88.39134979248047
2000-02-03 00:00:00+00:00,89.7228775024414
2000-02-04 00:00:00+00:00,89.35079193115234
2000-02-07 00:00:00+00:00,89.2137680053711
2000-02-08 00:00:00+00:00,90.42780303955078
2000-02-09 00:00:00+00:00,88.52840423583984
2000-02-10 00:00:00+00:00,88.70460510253906
2000-02-11 00:00:00+00:00,86.90313720703125
2000-02-14 00:00:00+00:00,87.41223907470703
2000-02-15 00:00:00+00:00,88.40108489990234
2000-02-16 00:00:00+00:00,87.09894561767578
2000-02-17 00:00:00+00:00,86.64857482910156
2000-02-18 00:00:00+00:00,84.78831481933594
2000-02-22 00:00:00+00:00,84.57295227050781
2000-02-23 00:00:00+00:00,85.57158660888672
2000-02-24 00:00:00+00:00,83.84841918945312
2000-02-25 00:00:00+00:00,83.54492950439453
2000-02-28 00:00:00+00:00,85.29745483398438
2000-02-29 00:00:00+00:00,86.1198501586914
2000-03-01 00:00:00+00:00,86.7464828491211
2000-03-02 00:00:00+00:00,86.80521392822266
2000-03-03 00:00:00+00:00,88.43048095703125
2000-03-06 00:00:00+00:00,87.56890869140625
2000-03-07 00:00:00+00:00,85.87509155273438
2000-03-08 00:00:00+00:00,85.76739501953125
2000-03-09 00:00:00+00:00,88.27381134033203
2000-03-10 00:00:00+00:00,87.80386352539062
2000-03-13 00:00:00+00:00,86.84439849853516
2000-03-14 00:00:00+00:00,85.61078643798828
2000-03-15 00:00:00+00:00,87.6080551147461
2000-03-16 00:00:00+00:00,91.70059204101562
2000-03-17 00:00:00+00:00,92.306640625
2000-03-20 00:00:00+00:00,91.83558654785156
2000-03-21 00:00:00+00:00,93.72013092041016
2000-03-22 00:00:00+00:00,94.28948211669922
2000-03-23 00:00:00+00:00,95.89920043945312
2000-03-24 00:00:00+00:00,96.46851348876953
2000-03-27 00:00:00+00:00,95.4476547241211
2000-03-28 00:00:00+00:00,94.89804077148438
2000-03-29 00:00:00+00:00,94.99620819091797
2000-03-30 00:00:00+00:00,93.40603637695312
2000-03-31 00:00:00+00:00,94.46611785888672
2000-04-03 00:00:00+00:00,95.01580810546875
2000-04-04 00:00:00+00:00,94.30908966064453
2000-04-05 00:00:00+00:00,93.72013092041016
2000-04-06 00:00:00+00:00,94.53482055664062
2000-04-07 00:00:00+00:00,95.13358306884766
2000-04-10 00:00:00+00:00,94.7606201171875
2000-04-11 00:00:00+00:00,94.48574829101562
2000-04-12 00:00:00+00:00,91.89437866210938
2000-04-13 00:00:00+00:00,90.6183853149414
2000-04-14 00:00:00+00:00,85.43570709228516
2000-04-17 00:00:00+00:00,88.41969299316406
2000-04-18 00:00:00+00:00,90.75579071044922
2000-04-19 00:00:00+00:00,89.91166687011719
2000-04-20 00:00:00+00:00,90.34355163574219
2000-04-24 00:00:00+00:00,89.36195373535156
2000-04-25 00:00:00+00:00,93.07231140136719
2000-04-26 00:00:00+00:00,92.02202606201172
2000-04-27 00:00:00+00:00,91.71771240234375
2000-04-28 00:00:00+00:00,91.14842987060547
2000-05-01 00:00:00+00:00,92.38526153564453
2000-05-02 00:00:00+00:00,90.53984069824219
2000-05-03 00:00:00+00:00,88.41969299316406
2000-05-04 00:00:00+00:00,89.0871353149414
2000-05-05 00:00:00+00:00,90.16685485839844
2000-05-08 00:00:00+00:00,89.48957061767578
2000-05-09 00:00:00+00:00,88.77301025390625
2000-05-10 00:00:00+00:00,86.77064514160156
2000-05-11 00:00:00+00:00,88.75340270996094
2000-05-12 00:00:00+00:00,89.71532440185547
2000-05-15 00:00:00+00:00,91.26625061035156
2000-05-16 00:00:00+00:00,92.14962005615234
2000-05-17 00:00:00+00:00,91.18766784667969
2000-05-18 00:00:00+00:00,90.0687026977539
2000-05-19 00:00:00+00:00,88.65524291992188
2000-05-22 00:00:00+00:00,87.98778533935547
2000-05-23 00:00:00+00:00,86.69213104248047
2000-05-24 00:00:00+00:00,88.10551452636719
2000-05-25 00:00:00+00:00,86.59394073486328
2000-05-26 00:00:00+00:00,86.69213104248047
2000-05-30 00:00:00+00:00,89.51902770996094
2000-05-31 00:00:00+00:00,89.71532440185547
2000-06-01 00:00:00+00:00,91.28585815429688
2000-06-02 00:00:00+00:00,92.8759765625
2000-06-05 00:00:00+00:00,92.42448425292969
2000-06-06 00:00:00+00:00,92.01220703125
2000-06-07 00:00:00+00:00,92.65019989013672
2000-06-08 00:00:00+00:00,92.28707122802734
2000-06-09 00:00:00+00:00,92.09072875976562
2000-06-12 00:00:00+00:00,91.01097869873047
2000-06-13 00:00:00+00:00,92.71898651123047
2000-06-14 00:00:00+00:00,92.8759765625
2000-06-15 00:00:00+00:00,93.07231140136719
2000-06-16 00:00:00+00:00,92.30755615234375
2000-06-19 00:00:00+00:00,93.48820495605469
2000-06-20 00:00:00+00:00,93.1537094116211
2000-06-21 00:00:00+00:00,93.11431121826172
2000-06-22 00:00:00+00:00,91.69755554199219
2000-06-23 00:00:00+00:00,90.91043853759766
2000-06-26 00:00:00+00:00,92.08128356933594
2000-06-27 00:00:00+00:00,91.4023666381836
2000-06-28 00:00:00+00:00,91.658203125
2000-06-29 00:00:00+00:00,90.7923812866211
2000-06-30 00:00:00+00:00,91.48112487792969
2000-07-03 00:00:00+00:00,92.7404556274414
2000-07-05 00:00:00+00:00,91.06786346435547
2000-07-06 00:00:00+00:00,91.7762222290039
2000-07-07 00:00:00+00:00,93.25205993652344
2000-07-10 00:00:00+00:00,93.09465026855469
2000-07-11 00:00:00+00:00,93.29143524169922
2000-07-12 00:00:00+00:00,93.90144348144531
2000-07-13 00:00:00+00:00,94.31463623046875
2000-07-14 00:00:00+00:00,95.23951721191406
2000-07-17 00:00:00+00:00,95.08209228515625
2000-07-18 00:00:00+00:00,94.3048095703125
2000-07-19 00:00:00+00:00,93.5472412109375
2000-07-20 00:00:00+00:00,94.84599304199219
2000-07-21 00:00:00+00:00,92.99627685546875
2000-07-24 00:00:00+00:00,92.46495056152344
2000-07-25 00:00:00+00:00,92.76011657714844
2000-07-26 00:00:00+00:00,91.85496520996094
2000-07-27 00:00:00+00:00,91.54010772705078
2000-07-28 00:00:00+00:00,89.47398376464844
2000-07-31 00:00:00+00:00,90.04463958740234
2000-08-01 00:00:00+00:00,90.59564208984375
2000-08-02 00:00:00+00:00,91.0481948852539
2000-08-03 00:00:00+00:00,91.67787170410156
2000-08-04 00:00:00+00:00,92.16981506347656
2000-08-07 00:00:00+00:00,93.27174377441406
2000-08-08 00:00:00+00:00,93.62596893310547
2000-08-09 00:00:00+00:00,92.83887481689453
2000-08-10 00:00:00+00:00,92.38626861572266
2000-08-11 00:00:00+00:00,92.81913757324219
2000-08-14 00:00:00+00:00,93.9997787475586
2000-08-15 00:00:00+00:00,93.92113494873047
2000-08-16 00:00:00+00:00,93.58663177490234
2000-08-17 00:00:00+00:00,94.57047271728516
2000-08-18 00:00:00+00:00,94.25564575195312
2000-08-21 00:00:00+00:00,94.76727294921875
2000-08-22 00:00:00+00:00,94.60983276367188
2000-08-23 00:00:00+00:00,94.98373413085938
2000-08-24 00:00:00+00:00,95.27885437011719
2000-08-25 00:00:00+00:00,95.23951721191406
2000-08-28 00:00:00+00:00,95.56421661376953
2000-08-29 00:00:00+00:00,95.58386993408203
2000-08-30 00:00:00+00:00,94.66888427734375
2000-08-31 00:00:00+00:00,95.92823791503906
2000-09-01 00:00:00+00:00,96.02659606933594
2000-09-05 00:00:00+00:00,95.25920867919922
2000-09-06 00:00:00+00:00,94.17691802978516
2000-09-07 00:00:00+00:00,94.98373413085938
2000-09-08 00:00:00+00:00,94.33434295654297
2000-09-11 00:00:00+00:00,94.19661712646484
2000-09-12 00:00:00+00:00,93.50788116455078
2000-09-13 00:00:00+00:00,93.75385284423828
2000-09-14 00:00:00+00:00,94.22612762451172
2000-09-15 00:00:00+00:00,92.16461944580078
2000-09-18 00:00:00+00:00,91.31641387939453
2000-09-19 00:00:00+00:00,92.14490509033203
2000-09-20 00:00:00+00:00,91.46431732177734
2000-09-21 00:00:00+00:00,90.07353973388672
2000-09-22 00:00:00+00:00,91.7109146118164
2000-09-25 00:00:00+00:00,91.0599365234375
2000-09-26 00:00:00+00:00,89.8960189819336
2000-09-27 00:00:00+00:00,90.36946105957031
2000-09-28 00:00:00+00:00,91.53336334228516
2000-09-29 00:00:00+00:00,90.66536712646484
2000-10-02 00:00:00+00:00,90.80342864990234
2000-10-03 00:00:00+00:00,89.9552001953125
2000-10-04 00:00:00+00:00,90.7048568725586
2000-10-05 00:00:00+00:00,91.02047729492188
2000-10-06 00:00:00+00:00,89.04780578613281
2000-10-09 00:00:00+00:00,88.37705993652344
2000-10-10 00:00:00+00:00,86.91726684570312
2000-10-11 00:00:00+00:00,86.1873550415039
2000-10-12 00:00:00+00:00,84.03711700439453
2000-10-13 00:00:00+00:00,86.83834075927734
2000-10-16 00:00:00+00:00,87.23289489746094
2000-10-17 00:00:00+00:00,85.06292724609375
2000-10-18 00:00:00+00:00,84.74728393554688
2000-10-19 00:00:00+00:00,87.94304656982422
2000-10-20 00:00:00+00:00,88.31784057617188
2000-10-23 00:00:00+00:00,88.71240234375
2000-10-24 00:00:00+00:00,88.12062072753906
2000-10-25 00:00:00+00:00,86.04922485351562
2000-10-26 00:00:00+00:00,86.2860107421875
2000-10-27 00:00:00+00:00,87.92333984375
2000-10-30 00:00:00+00:00,88.71240234375
2000-10-31 00:00:00+00:00,90.24122619628906
2000-11-01 00:00:00+00:00,89.93547058105469
2000-11-02 00:00:00+00:00,90.08346557617188
2000-11-03 00:00:00+00:00,90.13276672363281
2000-11-06 00:00:00+00:00,90.76403045654297
2000-11-07 00:00:00+00:00,90.7442626953125
2000-11-08 00:00:00+00:00,88.73210906982422
2000-11-09 00:00:00+00:00,88.39678955078125
2000-11-10 00:00:00+00:00,86.2465591430664
2000-11-13 00:00:00+00:00,85.57579040527344
2000-11-14 00:00:00+00:00,87.82466125488281
2000-11-15 00:00:00+00:00,88.10090637207031
2000-11-16 00:00:00+00:00,86.71998596191406
2000-11-17 00:00:00+00:00,86.25637817382812
2000-11-20 00:00:00+00:00,85.0234603881836
2000-11-21 00:00:00+00:00,85.45745849609375
2000-11-22 00:00:00+00:00,83.41570281982422
2000-11-24 00:00:00+00:00,85.12210845947266
2000-11-27 00:00:00+00:00,85.87169647216797
2000-11-28 00:00:00+00:00,84.39224243164062
2000-11-29 00:00:00+00:00,84.23442077636719
2000-11-30 00:00:00+00:00,83.50447845458984
2000-12-01 00:00:00+00:00,83.46501159667969
2000-12-04 00:00:00+00:00,84.17520904541016
2000-12-05 00:00:00+00:00,86.93700408935547
2000-12-06 00:00:00+00:00,85.54619598388672
2000-12-07 00:00:00+00:00,84.37248229980469
2000-12-08 00:00:00+00:00,84.5697250366211
2000-12-11 00:00:00+00:00,87.50904846191406
2000-12-12 00:00:00+00:00,87.13426971435547
2000-12-13 00:00:00+00:00,85.9407730102539
2000-12-14 00:00:00+00:00,84.84591674804688
2000-12-15 00:00:00+00:00,82.92953491210938
2000-12-18 00:00:00+00:00,84.03763580322266
2000-12-19 00:00:00+00:00,82.32603454589844
2000-12-20 00:00:00+00:00,79.94166564941406
2000-12-21 00:00:00+00:00,80.49566650390625
2000-12-22 00:00:00+00:00,82.90973663330078
2000-12-26 00:00:00+00:00,83.80020904541016
2000-12-27 00:00:00+00:00,84.41360473632812
2000-12-28 00:00:00+00:00,84.67079162597656
2000-12-29 00:00:00+00:00,83.06802368164062
2001-01-02 00:00:00+00:00,81.5641860961914
2001-01-03 00:00:00+00:00,85.48213958740234
2001-01-04 00:00:00+00:00,84.56201171875
2001-01-05 00:00:00+00:00,81.80165100097656
2001-01-08 00:00:00+00:00,82.43484497070312
2001-01-09 00:00:00+00:00,82.21719360351562
2001-01-10 00:00:00+00:00,83.66167449951172
2001-01-11 00:00:00+00:00,83.7408218383789
2001-01-12 00:00:00+00:00,83.58251953125
2001-01-16 00:00:00+00:00,84.11678314208984
2001-01-17 00:00:00+00:00,84.50264739990234
2001-01-18 00:00:00+00:00,85.34361267089844
2001-01-19 00:00:00+00:00,84.85882568359375
2001-01-22 00:00:00+00:00,85.42276000976562
2001-01-23 00:00:00+00:00,86.09557342529297
2001-01-24 00:00:00+00:00,86.352783203125
2001-01-25 00:00:00+00:00,86.13509368896484
2001-01-26 00:00:00+00:00,86.03620147705078
2001-01-29 00:00:00+00:00,86.49523162841797
2001-01-30 00:00:00+00:00,87.25508117675781
2001-01-31 00:00:00+00:00,86.76116180419922
2001-02-01 00:00:00+00:00,87.33738708496094
2001-02-02 00:00:00+00:00,85.35548400878906
2001-02-05 00:00:00+00:00,85.98236083984375
2001-02-06 00:00:00+00:00,85.72911834716797
2001-02-07 00:00:00+00:00,85.28583526611328
2001-02-08 00:00:00+00:00,84.29170227050781
2001-02-09 00:00:00+00:00,83.481201171875
2001-02-12 00:00:00+00:00,84.4373550415039
2001-02-13 00:00:00+00:00,83.74713897705078
2001-02-14 00:00:00+00:00,83.6204833984375
2001-02-15 00:00:00+00:00,84.43101501464844
2001-02-16 00:00:00+00:00,82.56940460205078
2001-02-20 00:00:00+00:00,81.29669952392578
2001-02-21 00:00:00+00:00,79.54273223876953
2001-02-22 00:00:00+00:00,79.66300964355469
2001-02-23 00:00:00+00:00,79.12480926513672
2001-02-26 00:00:00+00:00,80.80908966064453
2001-02-27 00:00:00+00:00,80.06188201904297
2001-02-28 00:00:00+00:00,78.48526000976562
2001-03-01 00:00:00+00:00,78.8968276977539
2001-03-02 00:00:00+00:00,78.27000427246094
2001-03-05 00:00:00+00:00,78.98548126220703
2001-03-06 00:00:00+00:00,79.83393859863281
2001-03-07 00:00:00+00:00,80.40386962890625
2001-03-08 00:00:00+00:00,80.49250793457031
2001-03-09 00:00:00+00:00,78.11164855957031
2001-03-12 00:00:00+00:00,74.76837158203125
2001-03-13 00:00:00+00:00,75.99677276611328
2001-03-14 00:00:00+00:00,74.49609375
2001-03-15 00:00:00+00:00,74.51509094238281
2001-03-16 00:00:00+00:00,73.02055358886719
2001-03-19 00:00:00+00:00,74.50621795654297
2001-03-20 00:00:00+00:00,72.50627899169922
2001-03-21 00:00:00+00:00,71.27452087402344
2001-03-22 00:00:00+00:00,70.55075073242188
2001-03-23 00:00:00+00:00,72.68402862548828
2001-03-26 00:00:00+00:00,73.61094665527344
2001-03-27 00:00:00+00:00,75.11570739746094
2001-03-28 00:00:00+00:00,73.03958892822266
2001-03-29 00:00:00+00:00,73.31895446777344
2001-03-30 00:00:00+00:00,74.08718872070312
2001-04-02 00:00:00+00:00,72.50627899169922
2001-04-03 00:00:00+00:00,70.0872573852539
2001-04-04 00:00:00+00:00,70.37931060791016
2001-04-05 00:00:00+00:00,73.0458984375
2001-04-06 00:00:00+00:00,71.9348373413086
2001-04-09 00:00:00+00:00,72.73480987548828
2001-04-10 00:00:00+00:00,74.06175231933594
2001-04-11 00:00:00+00:00,74.11256408691406
2001-04-12 00:00:00+00:00,75.45854949951172
2001-04-16 00:00:00+00:00,74.66487884521484
2001-04-17 00:00:00+00:00,75.71887969970703
2001-04-18 00:00:00+00:00,78.7282943725586
2001-04-19 00:00:00+00:00,79.77592468261719
2001-04-20 00:00:00+00:00,79.04574584960938
2001-04-23 00:00:00+00:00,77.61090087890625
2001-04-24 00:00:00+00:00,77.19185638427734
2001-04-25 00:00:00+00:00,78.20134735107422
2001-04-26 00:00:00+00:00,78.550537109375
2001-04-27 00:00:00+00:00,79.85845947265625
2001-04-30 00:00:00+00:00,80.41719055175781
2001-05-01 00:00:00+00:00,80.664794921875
2001-05-02 00:00:00+00:00,80.51878356933594
2001-05-03 00:00:00+00:00,79.49654388427734
2001-05-04 00:00:00+00:00,80.84889221191406
2001-05-07 00:00:00+00:00,80.15048217773438
2001-05-08 00:00:00+00:00,80.11239624023438
2001-05-09 00:00:00+00:00,79.77592468261719
2001-05-10 00:00:00+00:00,80.01081848144531
2001-05-11 00:00:00+00:00,79.45846557617188
2001-05-14 00:00:00+00:00,79.6171875
2001-05-15 00:00:00+00:00,79.98545837402344
2001-05-16 00:00:00+00:00,81.87110900878906
2001-05-17 00:00:00+00:00,81.99805450439453
2001-05-18 00:00:00+00:00,82.37269592285156
2001-05-21 00:00:00+00:00,83.58534240722656
2001-05-22 00:00:00+00:00,83.47745513916016
2001-05-23 00:00:00+00:00,82.06153869628906
2001-05-24 00:00:00+00:00,82.30284118652344
2001-05-25 00:00:00+00:00,81.33143615722656
2001-05-29 00:00:00+00:00,80.683837890625
2001-05-30 00:00:00+00:00,79.5536880493164
2001-05-31 00:00:00+00:00,79.96636199951172
2001-06-01 00:00:00+00:00,80.46162414550781
2001-06-04 00:00:00+00:00,80.84889221191406
2001-06-05 00:00:00+00:00,81.77587890625
2001-06-06 00:00:00+00:00,81.0965347290039
2001-06-07 00:00:00+00:00,81.38854217529297
2001-06-08 00:00:00+00:00,80.63304138183594
2001-06-11 00:00:00+00:00,80.06163024902344
2001-06-12 00:00:00+00:00,79.92195129394531
2001-06-13 00:00:00+00:00,79.23625946044922
2001-06-14 00:00:00+00:00,77.45850372314453
2001-06-15 00:00:00+00:00,77.58333587646484
2001-06-18 00:00:00+00:00,77.20764923095703
2001-06-19 00:00:00+00:00,77.54508209228516
2001-06-20 00:00:00+00:00,77.95259857177734
2001-06-21 00:00:00+00:00,78.83763122558594
2001-06-22 00:00:00+00:00,78.22000122070312
2001-06-25 00:00:00+00:00,77.50054168701172
2001-06-26 00:00:00+00:00,77.39228057861328
2001-06-27 00:00:00+00:00,77.34770202636719
2001-06-28 00:00:00+00:00,77.77432250976562
2001-06-29 00:00:00+00:00,78.0608139038086
2001-07-02 00:00:00+00:00,79.03504943847656
2001-07-03 00:00:00+00:00,79.01586151123047
2001-07-05 00:00:00+00:00,77.47509002685547
2001-07-06 00:00:00+00:00,75.80049133300781
2001-07-09 00:00:00+00:00,76.21440887451172
2001-07-10 00:00:00+00:00,75.29752349853516
2001-07-11 00:00:00+00:00,75.3738784790039
2001-07-12 00:00:00+00:00,77.1630859375
2001-07-13 00:00:00+00:00,77.8316421508789
2001-07-16 00:00:00+00:00,76.85746765136719
2001-07-17 00:00:00+00:00,77.57695007324219
2001-07-18 00:00:00+00:00,77.04844665527344
2001-07-19 00:00:00+00:00,77.72337341308594
2001-07-20 00:00:00+00:00,77.25857543945312
2001-07-23 00:00:00+00:00,75.73681640625
2001-07-24 00:00:00+00:00,75.00463104248047
2001-07-25 00:00:00+00:00,75.83232116699219
2001-07-26 00:00:00+00:00,76.62822723388672
2001-07-27 00:00:00+00:00,76.92109680175781
2001-07-30 00:00:00+00:00,76.94661712646484
2001-07-31 00:00:00+00:00,77.26492309570312
2001-08-01 00:00:00+00:00,77.7488784790039
2001-08-02 00:00:00+00:00,78.06720733642578
2001-08-03 00:00:00+00:00,77.64060974121094
2001-08-06 00:00:00+00:00,76.59639739990234
2001-08-07 00:00:00+00:00,76.89566802978516
2001-08-08 00:00:00+00:00,75.46943664550781
2001-08-09 00:00:00+00:00,75.69226837158203
2001-08-10 00:00:00+00:00,75.95333099365234
2001-08-13 00:00:00+00:00,75.97241973876953
2001-08-14 00:00:00+00:00,75.9405746459961
2001-08-15 00:00:00+00:00,75.2847671508789
2001-08-16 00:00:00+00:00,75.54583740234375
2001-08-17 00:00:00+00:00,74.33607482910156
2001-08-20 00:00:00+00:00,75.02375793457031
2001-08-21 00:00:00+00:00,73.74392700195312
2001-08-22 00:00:00+00:00,74.50799560546875
2001-08-23 00:00:00+00:00,74.2405776977539
2001-08-24 00:00:00+00:00,75.78142547607422
2001-08-27 00:00:00+00:00,75.32933044433594
2001-08-28 00:00:00+00:00,74.22782135009766
2001-08-29 00:00:00+00:00,73.56565856933594
2001-08-30 00:00:00+00:00,72.15213775634766
2001-08-31 00:00:00+00:00,72.68058776855469
2001-09-04 00:00:00+00:00,72.21585845947266
2001-09-05 00:00:00+00:00,72.39412689208984
2001-09-06 00:00:00+00:00,70.5285415649414
2001-09-07 00:00:00+00:00,69.22325897216797
2001-09-10 00:00:00+00:00,70.07008361816406
2001-09-17 00:00:00+00:00,66.40901184082031
2001-09-18 00:00:00+00:00,66.24986267089844
2001-09-19 00:00:00+00:00,64.91272735595703
2001-09-20 00:00:00+00:00,62.84980010986328
2001-09-21 00:00:00+00:00,62.1717414855957
2001-09-24 00:00:00+00:00,64.35742950439453
2001-09-25 00:00:00+00:00,65.02851104736328
2001-09-26 00:00:00+00:00,64.79840850830078
2001-09-27 00:00:00+00:00,65.36082458496094
2001-09-28 00:00:00+00:00,66.74771118164062
2001-10-01 00:00:00+00:00,66.63902282714844
2001-10-02 00:00:00+00:00,67.47626495361328
2001-10-03 00:00:00+00:00,68.60746765136719
2001-10-04 00:00:00+00:00,68.66497802734375
2001-10-05 00:00:00+00:00,68.5307846069336
2001-10-08 00:00:00+00:00,68.0833969116211
2001-10-09 00:00:00+00:00,67.71914672851562
2001-10-10 00:00:00+00:00,69.22738647460938
2001-10-11 00:00:00+00:00,70.30108642578125
2001-10-12 00:00:00+00:00,69.98153686523438
2001-10-15 00:00:00+00:00,69.85370635986328
2001-10-16 00:00:00+00:00,70.29468536376953
2001-10-17 00:00:00+00:00,68.7991943359375
2001-10-18 00:00:00+00:00,68.65219116210938
2001-10-19 00:00:00+00:00,68.60746765136719
2001-10-22 00:00:00+00:00,69.96234130859375
2001-10-23 00:00:00+00:00,69.60443878173828
2001-10-24 00:00:00+00:00,69.41910552978516
2001-10-25 00:00:00+00:00,70.66535949707031
2001-10-26 00:00:00+00:00,70.50560760498047
2001-10-29 00:00:00+00:00,68.67134857177734
2001-10-30 00:00:00+00:00,67.8469467163086
2001-10-31 00:00:00+00:00,67.6168441772461
2001-11-01 00:00:00+00:00,69.34881591796875
2001-11-02 00:00:00+00:00,69.82173156738281
2001-11-05 00:00:00+00:00,70.73564910888672
2001-11-06 00:00:00+00:00,71.83489990234375
2001-11-07 00:00:00+00:00,71.73905181884766
2001-11-08 00:00:00+00:00,71.9627456665039
2001-11-09 00:00:00+00:00,72.03941345214844
2001-11-12 00:00:00+00:00,71.59844207763672
2001-11-13 00:00:00+00:00,73.208984375
2001-11-14 00:00:00+00:00,73.27928924560547
2001-11-15 00:00:00+00:00,73.4134750366211
2001-11-16 00:00:00+00:00,73.08755493164062
2001-11-19 00:00:00+00:00,73.98863983154297
2001-11-20 00:00:00+00:00,73.3687744140625
2001-11-21 00:00:00+00:00,72.8830795288086
2001-11-23 00:00:00+00:00,73.93114471435547
2001-11-26 00:00:00+00:00,74.09093475341797
2001-11-27 00:00:00+00:00,73.77143096923828
2001-11-28 00:00:00+00:00,72.43568420410156
2001-11-29 00:00:00+00:00,73.4134750366211
2001-11-30 00:00:00+00:00,72.88941955566406
2001-12-03 00:00:00+00:00,72.45488739013672
2001-12-04 00:00:00+00:00,73.68185424804688
2001-12-05 00:00:00+00:00,75.0304183959961
2001-12-06 00:00:00+00:00,74.99207305908203
2001-12-07 00:00:00+00:00,74.49358367919922
2001-12-10 00:00:00+00:00,73.10034942626953
2001-12-11 00:00:00+00:00,72.95333099365234
2001-12-12 00:00:00+00:00,73.03642272949219
2001-12-13 00:00:00+00:00,71.61763000488281
2001-12-14 00:00:00+00:00,72.30145263671875
2001-12-17 00:00:00+00:00,73.04924774169922
2001-12-18 00:00:00+00:00,73.48377990722656
2001-12-19 00:00:00+00:00,74.00149536132812
2001-12-20 00:00:00+00:00,73.27288055419922
2001-12-21 00:00:00+00:00,73.71732330322266
2001-12-24 00:00:00+00:00,73.57621765136719
2001-12-26 00:00:00+00:00,73.98026275634766
2001-12-27 00:00:00+00:00,74.42916107177734
2001-12-28 00:00:00+00:00,74.39067077636719
2001-12-31 00:00:00+00:00,73.30047607421875
2002-01-02 00:00:00+00:00,74.0892562866211
2002-01-03 00:00:00+00:00,74.92937469482422
2002-01-04 00:00:00+00:00,75.4295654296875
2002-01-07 00:00:00+00:00,74.8973159790039
2002-01-08 00:00:00+00:00,74.72416687011719
2002-01-09 00:00:00+00:00,74.11492919921875
2002-01-10 00:00:00+00:00,74.44197845458984
2002-01-11 00:00:00+00:00,73.71088409423828
2002-01-14 00:00:00+00:00,73.24917602539062
2002-01-15 00:00:00+00:00,73.8455581665039
2002-01-16 00:00:00+00:00,72.35132598876953
2002-01-17 00:00:00+00:00,72.89645385742188
2002-01-18 00:00:00+00:00,72.56298828125
2002-01-22 00:00:00+00:00,72.06277465820312
2002-01-23 00:00:00+00:00,72.61428833007812
2002-01-24 00:00:00+00:00,72.83873748779297
2002-01-25 00:00:00+00:00,72.81948852539062
2002-01-28 00:00:00+00:00,73.018310546875
2002-01-29 00:00:00+00:00,70.72245025634766
2002-01-30 00:00:00+00:00,71.74212646484375
2002-01-31 00:00:00+00:00,72.58219146728516
2002-02-01 00:00:00+00:00,72.24232482910156
2002-02-04 00:00:00+00:00,70.44670104980469
2002-02-05 00:00:00+00:00,70.01061248779297
2002-02-06 00:00:00+00:00,69.70918273925781
2002-02-07 00:00:00+00:00,69.2730941772461
2002-02-08 00:00:00+00:00,70.60059356689453
2002-02-11 00:00:00+00:00,71.46635437011719
2002-02-12 00:00:00+00:00,71.24190521240234
2002-02-13 00:00:00+00:00,71.99861907958984
2002-02-14 00:00:00+00:00,71.86394500732422
2002-02-15 00:00:00+00:00,71.11358642578125
2002-02-19 00:00:00+00:00,69.7476806640625
2002-02-20 00:00:00+00:00,70.92127227783203
2002-02-21 00:00:00+00:00,69.4526596069336
2002-02-22 00:00:00+00:00,70.3120346069336
2002-02-25 00:00:00+00:00,71.4727554321289
2002-02-26 00:00:00+00:00,71.32524108886719
2002-02-27 00:00:00+00:00,71.60102844238281
2002-02-28 00:00:00+00:00,71.2803726196289
2002-03-01 00:00:00+00:00,72.94136047363281
2002-03-04 00:00:00+00:00,74.23033142089844
2002-03-05 00:00:00+00:00,73.99307250976562
2002-03-06 00:00:00+00:00,74.87165069580078
2002-03-07 00:00:00+00:00,74.7113265991211
2002-03-08 00:00:00+00:00,75.02556610107422
2002-03-11 00:00:00+00:00,75.18588256835938
2002-03-12 00:00:00+00:00,75.14102172851562
2002-03-13 00:00:00+00:00,74.41631317138672
2002-03-14 00:00:00+00:00,74.3136978149414
2002-03-15 00:00:00+00:00,75.02177429199219
2002-03-18 00:00:00+00:00,75.03467559814453
2002-03-19 00:00:00+00:00,75.53631591796875
2002-03-20 00:00:00+00:00,74.11495971679688
2002-03-21 00:00:00+00:00,74.14714050292969
2002-03-22 00:00:00+00:00,73.98635864257812
2002-03-25 00:00:00+00:00,73.06668090820312
2002-03-26 00:00:00+00:00,73.49111938476562
2002-03-27 00:00:00+00:00,73.68408966064453
2002-03-28 00:00:00+00:00,73.65192413330078
2002-04-01 00:00:00+00:00,73.68408966064453
2002-04-02 00:00:00+00:00,73.27891540527344
2002-04-03 00:00:00+00:00,72.76438903808594
2002-04-04 00:00:00+00:00,72.46211242675781
2002-04-05 00:00:00+00:00,72.4749984741211
2002-04-08 00:00:00+00:00,72.62936401367188
2002-04-09 00:00:00+00:00,72.12129211425781
2002-04-10 00:00:00+00:00,72.93807220458984
2002-04-11 00:00:00+00:00,71.12442779541016
2002-04-12 00:00:00+00:00,71.65824127197266
2002-04-15 00:00:00+00:00,71.11154174804688
2002-04-16 00:00:00+00:00,72.80297088623047
2002-04-17 00:00:00+00:00,72.6486587524414
2002-04-18 00:00:00+00:00,72.33350372314453
2002-04-19 00:00:00+00:00,72.59717559814453
2002-04-22 00:00:00+00:00,71.3880844116211
2002-04-23 00:00:00+00:00,71.07938385009766
2002-04-24 00:00:00+00:00,70.3655014038086
2002-04-25 00:00:00+00:00,70.40406799316406
2002-04-26 00:00:00+00:00,69.06637573242188
2002-04-29 00:00:00+00:00,68.72552490234375
2002-04-30 00:00:00+00:00,69.36864471435547
2002-05-01 00:00:00+00:00,70.21759796142578
2002-05-02 00:00:00+00:00,69.94747924804688
2002-05-03 00:00:00+00:00,69.18858337402344
2002-05-06 00:00:00+00:00,67.83155059814453
2002-05-07 00:00:00+00:00,67.59358215332031
2002-05-08 00:00:00+00:00,70.10824584960938
2002-05-09 00:00:00+00:00,69.29788208007812
2002-05-10 00:00:00+00:00,67.99234771728516
2002-05-13 00:00:00+00:00,69.37506866455078
2002-05-14 00:00:00+00:00,70.8864517211914
2002-05-15 00:00:00+00:00,70.60993194580078
2002-05-16 00:00:00+00:00,70.97648620605469
2002-05-17 00:00:00+00:00,71.32379913330078
2002-05-20 00:00:00+00:00,70.55201721191406
2002-05-21 00:00:00+00:00,69.90888214111328
2002-05-22 00:00:00+00:00,70.06320190429688
2002-05-23 00:00:00+00:00,70.80927276611328
2002-05-24 00:00:00+00:00,69.90243530273438
2002-05-28 00:00:00+00:00,69.52299499511719
2002-05-29 00:00:00+00:00,69.0085220336914
2002-05-30 00:00:00+00:00,68.81554412841797
2002-05-31 00:00:00+00:00,68.95703887939453
2002-06-03 00:00:00+00:00,67.12411499023438
2002-06-04 00:00:00+00:00,67.29131317138672
2002-06-05 00:00:00+00:00,67.92160034179688
2002-06-06 00:00:00+00:00,66.53883361816406
2002-06-07 00:00:00+00:00,66.46166229248047
2002-06-10 00:00:00+00:00,66.71894073486328
2002-06-11 00:00:00+00:00,65.57414245605469
2002-06-12 00:00:00+00:00,65.97289276123047
2002-06-13 00:00:00+00:00,65.31045532226562
2002-06-14 00:00:00+00:00,65.21400451660156
2002-06-17 00:00:00+00:00,66.96331024169922
2002-06-18 00:00:00+00:00,67.50996398925781
2002-06-19 00:00:00+00:00,65.9343032836914
2002-06-20 00:00:00+00:00,65.0917739868164
2002-06-21 00:00:00+00:00,64.07405853271484
2002-06-24 00:00:00+00:00,64.40965270996094
2002-06-25 00:00:00+00:00,62.96393966674805
2002-06-26 00:00:00+00:00,63.06720733642578
2002-06-27 00:00:00+00:00,64.17084503173828
2002-06-28 00:00:00+00:00,63.86751174926758
2002-07-01 00:00:00+00:00,62.621917724609375
2002-07-02 00:00:00+00:00,61.29240417480469
2002-07-03 00:00:00+00:00,61.64094161987305
2002-07-05 00:00:00+00:00,64.0933609008789
2002-07-08 00:00:00+00:00,63.29307174682617
2002-07-09 00:00:00+00:00,61.6989860534668
2002-07-10 00:00:00+00:00,59.45307540893555
2002-07-11 00:00:00+00:00,59.937076568603516
2002-07-12 00:00:00+00:00,59.278785705566406
2002-07-15 00:00:00+00:00,59.59507369995117
2002-07-16 00:00:00+00:00,58.446231842041016
2002-07-17 00:00:00+00:00,58.562435150146484
2002-07-18 00:00:00+00:00,56.66498947143555
2002-07-19 00:00:00+00:00,54.67073059082031
2002-07-22 00:00:00+00:00,53.05080795288086
2002-07-23 00:00:00+00:00,51.59866714477539
2002-07-24 00:00:00+00:00,54.677181243896484
2002-07-25 00:00:00+00:00,54.212520599365234
2002-07-26 00:00:00+00:00,55.245140075683594
2002-07-29 00:00:00+00:00,57.93637466430664
2002-07-30 00:00:00+00:00,58.691497802734375
2002-07-31 00:00:00+00:00,58.833499908447266
2002-08-01 00:00:00+00:00,57.297454833984375
2002-08-02 00:00:00+00:00,56.01313781738281
2002-08-05 00:00:00+00:00,54.064048767089844
2002-08-06 00:00:00+00:00,55.88407897949219
2002-08-07 00:00:00+00:00,56.85860061645508
2002-08-08 00:00:00+00:00,58.697959899902344
2002-08-09 00:00:00+00:00,58.91736602783203
2002-08-12 00:00:00+00:00,58.48496627807617
2002-08-13 00:00:00+00:00,57.42007827758789
2002-08-14 00:00:00+00:00,59.517616271972656
2002-08-15 00:00:00+00:00,60.34364700317383
2002-08-16 00:00:00+00:00,60.162960052490234
2002-08-19 00:00:00+00:00,61.56989669799805
2002-08-20 00:00:00+00:00,60.918067932128906
2002-08-21 00:00:00+00:00,61.79579544067383
2002-08-22 00:00:00+00:00,62.39603042602539
2002-08-23 00:00:00+00:00,61.05363845825195
2002-08-26 00:00:00+00:00,61.479591369628906
2002-08-27 00:00:00+00:00,60.76961898803711
2002-08-28 00:00:00+00:00,59.440185546875
2002-08-29 00:00:00+00:00,59.465938568115234
2002-08-30 00:00:00+00:00,59.233619689941406
2002-09-03 00:00:00+00:00,56.97478485107422
2002-09-04 00:00:00+00:00,57.78795623779297
2002-09-05 00:00:00+00:00,57.297454833984375
2002-09-06 00:00:00+00:00,58.08483123779297
2002-09-09 00:00:00+00:00,58.51077651977539
2002-09-10 00:00:00+00:00,59.181983947753906
2002-09-11 00:00:00+00:00,58.814109802246094
2002-09-12 00:00:00+00:00,57.72987365722656
2002-09-13 00:00:00+00:00,57.87185287475586
2002-09-16 00:00:00+00:00,58.01380920410156
2002-09-17 00:00:00+00:00,56.68431854248047
2002-09-18 00:00:00+00:00,56.11638259887695
2002-09-19 00:00:00+00:00,54.66427230834961
2002-09-20 00:00:00+00:00,54.682437896728516
2002-09-23 00:00:00+00:00,54.23514175415039
2002-09-24 00:00:00+00:00,53.35993576049805
2002-09-25 00:00:00+00:00,54.682437896728516
2002-09-26 00:00:00+00:00,55.57706832885742
2002-09-27 00:00:00+00:00,53.64517593383789
2002-09-30 00:00:00+00:00,53.02285385131836
2002-10-01 00:00:00+00:00,55.57058334350586
2002-10-02 00:00:00+00:00,53.90450668334961
2002-10-03 00:00:00+00:00,53.35993576049805
2002-10-04 00:00:00+00:00,52.38102340698242
2002-10-07 00:00:00+00:00,51.29841995239258
2002-10-08 00:00:00+00:00,52.1022834777832
2002-10-09 00:00:00+00:00,50.63068389892578
2002-10-10 00:00:00+00:00,52.27081298828125
2002-10-11 00:00:00+00:00,54.55927276611328
2002-10-14 00:00:00+00:00,54.86396026611328
2002-10-15 00:00:00+00:00,57.50242614746094
2002-10-16 00:00:00+00:00,56.108646392822266
2002-10-17 00:00:00+00:00,57.22370910644531
2002-10-18 00:00:00+00:00,57.46355056762695
2002-10-21 00:00:00+00:00,58.45542907714844
2002-10-22 00:00:00+00:00,58.03403854370117
2002-10-23 00:00:00+00:00,58.47486114501953
2002-10-24 00:00:00+00:00,57.28200912475586
2002-10-25 00:00:00+00:00,58.47486114501953
2002-10-28 00:00:00+00:00,58.092384338378906
2002-10-29 00:00:00+00:00,57.41816711425781
2002-10-30 00:00:00+00:00,57.9757080078125
2002-10-31 00:00:00+00:00,57.38577651977539
2002-11-01 00:00:00+00:00,58.520233154296875
2002-11-04 00:00:00+00:00,59.0777473449707
2002-11-05 00:00:00+00:00,59.54450988769531
2002-11-06 00:00:00+00:00,60.31596374511719
2002-11-07 00:00:00+00:00,58.837913513183594
2002-11-08 00:00:00+00:00,58.11832809448242
2002-11-11 00:00:00+00:00,57.217185974121094
2002-11-12 00:00:00+00:00,57.67098617553711
2002-11-13 00:00:00+00:00,57.72935485839844
2002-11-14 00:00:00+00:00,58.81846237182617
2002-11-15 00:00:00+00:00,59.25281524658203
2002-11-18 00:00:00+00:00,58.656402587890625
2002-11-19 00:00:00+00:00,58.57857894897461
2002-11-20 00:00:00+00:00,59.881622314453125
2002-11-21 00:00:00+00:00,60.99665069580078
2002-11-22 00:00:00+00:00,60.562339782714844
2002-11-25 00:00:00+00:00,60.60117721557617
2002-11-26 00:00:00+00:00,59.447269439697266
2002-11-27 00:00:00+00:00,61.119842529296875
2002-11-29 00:00:00+00:00,60.925357818603516
2002-12-02 00:00:00+00:00,61.02262496948242
2002-12-03 00:00:00+00:00,60.20576858520508
2002-12-04 00:00:00+00:00,59.933502197265625
2002-12-05 00:00:00+00:00,59.27226257324219
2002-12-06 00:00:00+00:00,59.66122817993164
2002-12-09 00:00:00+00:00,58.02107238769531
2002-12-10 00:00:00+00:00,58.79899215698242
2002-12-11 00:00:00+00:00,58.850887298583984
2002-12-12 00:00:00+00:00,58.8443603515625
2002-12-13 00:00:00+00:00,57.917327880859375
2002-12-16 00:00:00+00:00,59.41487121582031
2002-12-17 00:00:00+00:00,58.896244049072266
2002-12-18 00:00:00+00:00,58.21554183959961
2002-12-19 00:00:00+00:00,57.8006591796875
2002-12-20 00:00:00+00:00,58.62543487548828
2002-12-23 00:00:00+00:00,58.644935607910156
2002-12-24 00:00:00+00:00,58.208473205566406
2002-12-26 00:00:00+00:00,58.23453140258789
2002-12-27 00:00:00+00:00,56.925071716308594
2002-12-30 00:00:00+00:00,57.4006462097168
2002-12-31 00:00:00+00:00,57.47882080078125
2003-01-02 00:00:00+00:00,59.3289909362793
2003-01-03 00:00:00+00:00,59.51136016845703
2003-01-06 00:00:00+00:00,60.56025695800781
2003-01-07 00:00:00+00:00,60.41046142578125
2003-01-08 00:00:00+00:00,59.5374641418457
2003-01-09 00:00:00+00:00,60.462528228759766
2003-01-10 00:00:00+00:00,60.62540817260742
2003-01-13 00:00:00+00:00,60.60588455200195
2003-01-14 00:00:00+00:00,60.80130386352539
2003-01-15 00:00:00+00:00,60.1954345703125
2003-01-16 00:00:00+00:00,59.947853088378906
2003-01-17 00:00:00+00:00,59.06189727783203
2003-01-21 00:00:00+00:00,58.14332962036133
2003-01-22 00:00:00+00:00,57.43973922729492
2003-01-23 00:00:00+00:00,57.79152297973633
2003-01-24 00:00:00+00:00,56.27360916137695
2003-01-27 00:00:00+00:00,55.50489044189453
2003-01-28 00:00:00+00:00,55.91533660888672
2003-01-29 00:00:00+00:00,56.338775634765625
2003-01-30 00:00:00+00:00,55.003273010253906
2003-01-31 00:00:00+00:00,56.06513595581055
2003-02-03 00:00:00+00:00,56.175899505615234
2003-02-04 00:00:00+00:00,55.62215042114258
2003-02-05 00:00:00+00:00,55.276893615722656
2003-02-06 00:00:00+00:00,55.01628494262695
2003-02-07 00:00:00+00:00,54.345279693603516
2003-02-10 00:00:00+00:00,54.72966766357422
2003-02-11 00:00:00+00:00,54.35177230834961
2003-02-12 00:00:00+00:00,53.48534393310547
2003-02-13 00:00:00+00:00,53.6482048034668
2003-02-14 00:00:00+00:00,54.82085418701172
2003-02-18 00:00:00+00:00,55.78499984741211
2003-02-19 00:00:00+00:00,55.49184799194336
2003-02-20 00:00:00+00:00,54.9381103515625
2003-02-21 00:00:00+00:00,55.49184799194336
2003-02-24 00:00:00+00:00,54.59284591674805
2003-02-25 00:00:00+00:00,55.02932357788086
2003-02-26 00:00:00+00:00,54.22802734375
2003-02-27 00:00:00+00:00,54.94463348388672
2003-02-28 00:00:00+00:00,55.309478759765625
2003-03-03 00:00:00+00:00,54.781761169433594
2003-03-04 00:00:00+00:00,53.9088020324707
2003-03-05 00:00:00+00:00,54.36483383178711
2003-03-06 00:00:00+00:00,53.9088020324707
2003-03-07 00:00:00+00:00,54.280128479003906
2003-03-10 00:00:00+00:00,52.97722244262695
2003-03-11 00:00:00+00:00,52.45602035522461
2003-03-12 00:00:00+00:00,52.807804107666016
2003-03-13 00:00:00+00:00,54.631927490234375
2003-03-14 00:00:00+00:00,54.80781936645508
2003-03-17 00:00:00+00:00,56.53421401977539
2003-03-18 00:00:00+00:00,56.8664436340332
2003-03-19 00:00:00+00:00,57.30292892456055
2003-03-20 00:00:00+00:00,57.426692962646484
2003-03-21 00:00:00+00:00,58.652469635009766
2003-03-24 00:00:00+00:00,56.703269958496094
2003-03-25 00:00:00+00:00,57.24618911743164
2003-03-26 00:00:00+00:00,56.95839309692383
2003-03-27 00:00:00+00:00,57.00416564941406
2003-03-28 00:00:00+00:00,56.71636199951172
2003-03-31 00:00:00+00:00,55.42780303955078
2003-04-01 00:00:00+00:00,56.27812576293945
2003-04-02 00:00:00+00:00,57.63862991333008
2003-04-03 00:00:00+00:00,57.363929748535156
2003-04-04 00:00:00+00:00,57.70402908325195
2003-04-07 00:00:00+00:00,57.59284973144531
2003-04-08 00:00:00+00:00,57.68440628051758
2003-04-09 00:00:00+00:00,56.9256591796875
2003-04-10 00:00:00+00:00,57.239654541015625
2003-04-11 00:00:00+00:00,57.00416564941406
2003-04-14 00:00:00+00:00,58.18155288696289
2003-04-15 00:00:00+00:00,58.724430084228516
2003-04-16 00:00:00+00:00,57.72365188598633
2003-04-17 00:00:00+00:00,58.58052062988281
2003-04-21 00:00:00+00:00,58.639400482177734
2003-04-22 00:00:00+00:00,59.74480056762695
2003-04-23 00:00:00+00:00,60.29422378540039
2003-04-24 00:00:00+00:00,59.75789260864258
2003-04-25 00:00:00+00:00,59.0187873840332
2003-04-28 00:00:00+00:00,60.03916549682617
2003-04-29 00:00:00+00:00,60.24848556518555
2003-04-30 00:00:00+00:00,60.117637634277344
2003-05-01 00:00:00+00:00,60.11110305786133
2003-05-02 00:00:00+00:00,60.96798324584961
2003-05-05 00:00:00+00:00,60.8502197265625
2003-05-06 00:00:00+00:00,61.42585372924805
2003-05-07 00:00:00+00:00,61.085716247558594
2003-05-08 00:00:00+00:00,60.47086715698242
2003-05-09 00:00:00+00:00,61.308109283447266
2003-05-12 00:00:00+00:00,62.0603141784668
2003-05-13 00:00:00+00:00,61.949100494384766
2003-05-14 00:00:00+00:00,61.81830596923828
2003-05-15 00:00:00+00:00,62.210731506347656
2003-05-16 00:00:00+00:00,62.05378723144531
2003-05-19 00:00:00+00:00,60.60169982910156
2003-05-20 00:00:00+00:00,60.477386474609375
2003-05-21 00:00:00+00:00,60.60169982910156
2003-05-22 00:00:00+00:00,61.203433990478516
2003-05-23 00:00:00+00:00,61.327720642089844
2003-05-27 00:00:00+00:00,62.400428771972656
2003-05-28 00:00:00+00:00,62.57705307006836
2003-05-29 00:00:00+00:00,62.41355514526367
2003-05-30 00:00:00+00:00,63.414268493652344
2003-06-02 00:00:00+00:00,63.67592239379883
2003-06-03 00:00:00+00:00,63.937522888183594
2003-06-04 00:00:00+00:00,64.85985565185547
2003-06-05 00:00:00+00:00,65.18031311035156
2003-06-06 00:00:00+00:00,64.92520141601562
2003-06-09 00:00:00+00:00,64.26459503173828
2003-06-10 00:00:00+00:00,64.91871643066406
2003-06-11 00:00:00+00:00,65.6054916381836
2003-06-12 00:00:00+00:00,65.80826568603516
2003-06-13 00:00:00+00:00,65.12145233154297
2003-06-16 00:00:00+00:00,66.49504089355469
2003-06-17 00:00:00+00:00,66.49504089355469
2003-06-18 00:00:00+00:00,66.43617248535156
2003-06-19 00:00:00+00:00,65.4223403930664
2003-06-20 00:00:00+00:00,65.27790832519531
2003-06-23 00:00:00+00:00,64.60832214355469
2003-06-24 00:00:00+00:00,64.67394256591797
2003-06-25 00:00:00+00:00,64.02408599853516
2003-06-26 00:00:00+00:00,64.85778045654297
2003-06-27 00:00:00+00:00,64.10945129394531
2003-06-30 00:00:00+00:00,64.08973693847656
2003-07-01 00:00:00+00:00,64.68055725097656
2003-07-02 00:00:00+00:00,65.49454498291016
2003-07-03 00:00:00+00:00,64.81841278076172
2003-07-07 00:00:00+00:00,66.10504913330078
2003-07-08 00:00:00+00:00,66.40046691894531
2003-07-09 00:00:00+00:00,66.02626037597656
2003-07-10 00:00:00+00:00,65.18601989746094
2003-07-11 00:00:00+00:00,65.80309295654297
2003-07-14 00:00:00+00:00,66.12480163574219
2003-07-15 00:00:00+00:00,65.98033142089844
2003-07-16 00:00:00+00:00,65.59300994873047
2003-07-17 00:00:00+00:00,64.6608657836914
2003-07-18 00:00:00+00:00,65.32389831542969
2003-07-21 00:00:00+00:00,64.51644897460938
2003-07-22 00:00:00+00:00,65.10067749023438
2003-07-23 00:00:00+00:00,65.1466293334961
2003-07-24 00:00:00+00:00,64.6543197631836
2003-07-25 00:00:00+00:00,65.79652404785156
2003-07-28 00:00:00+00:00,65.55360412597656
2003-07-29 00:00:00+00:00,65.2516860961914
2003-07-30 00:00:00+00:00,65.09416198730469
2003-07-31 00:00:00+00:00,65.24507141113281
2003-08-01 00:00:00+00:00,64.66740417480469
2003-08-04 00:00:00+00:00,64.66740417480469
2003-08-05 00:00:00+00:00,63.2954216003418
2003-08-06 00:00:00+00:00,63.66304397583008
2003-08-07 00:00:00+00:00,64.33260345458984
2003-08-08 00:00:00+00:00,64.51644897460938
2003-08-11 00:00:00+00:00,64.75929260253906
2003-08-12 00:00:00+00:00,65.35015106201172
2003-08-13 00:00:00+00:00,65.01533508300781
2003-08-14 00:00:00+00:00,65.19258880615234
2003-08-15 00:00:00+00:00,65.39610290527344
2003-08-18 00:00:00+00:00,65.96063995361328
2003-08-19 00:00:00+00:00,66.21009826660156
2003-08-20 00:00:00+00:00,65.94096374511719
2003-08-21 00:00:00+00:00,66.1510009765625
2003-08-22 00:00:00+00:00,65.49454498291016
2003-08-25 00:00:00+00:00,65.59957885742188
2003-08-26 00:00:00+00:00,65.7177505493164
2003-08-27 00:00:00+00:00,65.7374267578125
2003-08-28 00:00:00+00:00,66.14442443847656
2003-08-29 00:00:00+00:00,66.5908432006836
2003-09-02 00:00:00+00:00,67.48362731933594
2003-09-03 00:00:00+00:00,67.85122680664062
2003-09-04 00:00:00+00:00,67.88404083251953
2003-09-05 00:00:00+00:00,67.50330352783203
2003-09-08 00:00:00+00:00,68.06128692626953
2003-09-09 00:00:00+00:00,67.61483764648438
2003-09-10 00:00:00+00:00,66.93218994140625
2003-09-11 00:00:00+00:00,67.12914276123047
2003-09-12 00:00:00+00:00,67.25386810302734
2003-09-15 00:00:00+00:00,67.01752471923828
2003-09-16 00:00:00+00:00,67.9956283569336
2003-09-17 00:00:00+00:00,67.86434173583984
2003-09-18 00:00:00+00:00,68.66525268554688
2003-09-19 00:00:00+00:00,68.31596374511719
2003-09-22 00:00:00+00:00,67.5779037475586
2003-09-23 00:00:00+00:00,67.83489227294922
2003-09-24 00:00:00+00:00,66.62899780273438
2003-09-25 00:00:00+00:00,66.08208465576172
2003-09-26 00:00:00+00:00,65.86457824707031
2003-09-29 00:00:00+00:00,66.51039123535156
2003-09-30 00:00:00+00:00,65.86457824707031
2003-10-01 00:00:00+00:00,67.26820373535156
2003-10-02 00:00:00+00:00,67.51203918457031
2003-10-03 00:00:00+00:00,68.13146209716797
2003-10-06 00:00:00+00:00,68.44120788574219
2003-10-07 00:00:00+00:00,68.70477294921875
2003-10-08 00:00:00+00:00,68.53345489501953
2003-10-09 00:00:00+00:00,68.71797943115234
2003-10-10 00:00:00+00:00,68.9090347290039
2003-10-13 00:00:00+00:00,69.12651824951172
2003-10-14 00:00:00+00:00,69.37033081054688
2003-10-15 00:00:00+00:00,69.18585205078125
2003-10-16 00:00:00+00:00,69.46261596679688
2003-10-17 00:00:00+00:00,68.70477294921875
2003-10-20 00:00:00+00:00,69.21879577636719
2003-10-21 00:00:00+00:00,69.10010528564453
2003-10-22 00:00:00+00:00,68.2303237915039
2003-10-23 00:00:00+00:00,68.10508728027344
2003-10-24 00:00:00+00:00,68.25664520263672
2003-10-27 00:00:00+00:00,68.28961181640625
2003-10-28 00:00:00+00:00,69.21879577636719
2003-10-29 00:00:00+00:00,69.31102752685547
2003-10-30 00:00:00+00:00,69.45599365234375
2003-10-31 00:00:00+00:00,69.3901138305664
2003-11-03 00:00:00+00:00,69.84477233886719
2003-11-04 00:00:00+00:00,69.69328308105469
2003-11-05 00:00:00+00:00,69.7459716796875
2003-11-06 00:00:00+00:00,70.11497497558594
2003-11-07 00:00:00+00:00,69.59439086914062
2003-11-10 00:00:00+00:00,69.31102752685547
2003-11-11 00:00:00+00:00,69.291259765625
2003-11-12 00:00:00+00:00,70.06885528564453
2003-11-13 00:00:00+00:00,70.08866882324219
2003-11-14 00:00:00+00:00,69.49553680419922
2003-11-17 00:00:00+00:00,69.14630126953125
2003-11-18 00:00:00+00:00,68.42800903320312
2003-11-19 00:00:00+00:00,69.00788879394531
2003-11-20 00:00:00+00:00,68.38845825195312
2003-11-21 00:00:00+00:00,68.67179107666016
2003-11-24 00:00:00+00:00,69.58123016357422
2003-11-25 00:00:00+00:00,69.84477233886719
2003-11-26 00:00:00+00:00,70.0952377319336
2003-11-28 00:00:00+00:00,70.14788055419922
2003-12-01 00:00:00+00:00,70.90576934814453
2003-12-02 00:00:00+00:00,70.72784423828125
2003-12-03 00:00:00+00:00,70.61581420898438
2003-12-04 00:00:00+00:00,70.90576934814453
2003-12-05 00:00:00+00:00,70.41151428222656
2003-12-08 00:00:00+00:00,70.88597106933594
2003-12-09 00:00:00+00:00,70.33899688720703
2003-12-10 00:00:00+00:00,70.33245086669922
2003-12-11 00:00:00+00:00,71.12321472167969
2003-12-12 00:00:00+00:00,71.26158905029297
2003-12-15 00:00:00+00:00,70.90576934814453
2003-12-16 00:00:00+00:00,71.27474975585938
2003-12-17 00:00:00+00:00,71.49885559082031
2003-12-18 00:00:00+00:00,72.30274200439453
2003-12-19 00:00:00+00:00,72.10151672363281
2003-12-22 00:00:00+00:00,72.60469055175781
2003-12-23 00:00:00+00:00,72.6510238647461
2003-12-24 00:00:00+00:00,72.57819366455078
2003-12-26 00:00:00+00:00,72.63115692138672
2003-12-29 00:00:00+00:00,73.59780883789062
2003-12-30 00:00:00+00:00,73.61103820800781
2003-12-31 00:00:00+00:00,73.67727661132812
2004-01-02 00:00:00+00:00,73.64422607421875
2004-01-05 00:00:00+00:00,74.4453125
2004-01-06 00:00:00+00:00,74.5180892944336
2004-01-07 00:00:00+00:00,74.76969909667969
2004-01-08 00:00:00+00:00,75.06768035888672
2004-01-09 00:00:00+00:00,74.41222381591797
2004-01-12 00:00:00+00:00,74.96173858642578
2004-01-13 00:00:00+00:00,74.5247573852539
2004-01-14 00:00:00+00:00,75.14710235595703
2004-01-15 00:00:00+00:00,75.33247375488281
2004-01-16 00:00:00+00:00,75.63043212890625
2004-01-20 00:00:00+00:00,75.61056518554688
2004-01-21 00:00:00+00:00,76.20649719238281
2004-01-22 00:00:00+00:00,76.00785064697266
2004-01-23 00:00:00+00:00,75.76284790039062
2004-01-26 00:00:00+00:00,76.71627044677734
2004-01-27 00:00:00+00:00,75.92837524414062
2004-01-28 00:00:00+00:00,75.06104278564453
2004-01-29 00:00:00+00:00,75.13385772705078
2004-01-30 00:00:00+00:00,75.13385772705078
2004-02-02 00:00:00+00:00,75.45831298828125
2004-02-03 00:00:00+00:00,75.33247375488281
2004-02-04 00:00:00+00:00,74.7167739868164
2004-02-05 00:00:00+00:00,74.93524932861328
2004-02-06 00:00:00+00:00,75.77607727050781
2004-02-09 00:00:00+00:00,75.79592895507812
2004-02-10 00:00:00+00:00,76.04090881347656
2004-02-11 00:00:00+00:00,76.84870147705078
2004-02-12 00:00:00+00:00,76.57060241699219
2004-02-13 00:00:00+00:00,76.22633361816406
2004-02-17 00:00:00+00:00,76.91487884521484
2004-02-18 00:00:00+00:00,76.57723999023438
2004-02-19 00:00:00+00:00,76.29251861572266
2004-02-20 00:00:00+00:00,76.060791015625
2004-02-23 00:00:00+00:00,75.86878204345703
2004-02-24 00:00:00+00:00,75.73634338378906
2004-02-25 00:00:00+00:00,76.05418395996094
2004-02-26 00:00:00+00:00,76.10051727294922
2004-02-27 00:00:00+00:00,76.15348052978516
2004-03-01 00:00:00+00:00,76.90827178955078
2004-03-02 00:00:00+00:00,76.45806884765625
2004-03-03 00:00:00+00:00,76.59703826904297
2004-03-04 00:00:00+00:00,76.79571533203125
2004-03-05 00:00:00+00:00,77.0539321899414
2004-03-08 00:00:00+00:00,76.11373138427734
2004-03-09 00:00:00+00:00,75.80918884277344
2004-03-10 00:00:00+00:00,74.53799438476562
2004-03-11 00:00:00+00:00,73.57135772705078
2004-03-12 00:00:00+00:00,74.53799438476562
2004-03-15 00:00:00+00:00,73.6242904663086
2004-03-16 00:00:00+00:00,74.01493072509766
2004-03-17 00:00:00+00:00,74.84255981445312
2004-03-18 00:00:00+00:00,74.86241912841797
2004-03-19 00:00:00+00:00,73.7894287109375
2004-03-22 00:00:00+00:00,72.85257720947266
2004-03-23 00:00:00+00:00,72.72633361816406
2004-03-24 00:00:00+00:00,72.7861557006836
2004-03-25 00:00:00+00:00,73.74950408935547
2004-03-26 00:00:00+00:00,73.76947784423828
2004-03-29 00:00:00+00:00,74.8059310913086
2004-03-30 00:00:00+00:00,75.05840301513672
2004-03-31 00:00:00+00:00,75.1447982788086
2004-04-01 00:00:00+00:00,75.59658813476562
2004-04-02 00:00:00+00:00,76.16798400878906
2004-04-05 00:00:00+00:00,76.5865707397461
2004-04-06 00:00:00+00:00,76.34068298339844
2004-04-07 00:00:00+00:00,76.16133880615234
2004-04-08 00:00:00+00:00,75.98861694335938
2004-04-12 00:00:00+00:00,76.28758239746094
2004-04-13 00:00:00+00:00,75.21784973144531
2004-04-14 00:00:00+00:00,75.33746337890625
2004-04-15 00:00:00+00:00,75.0517807006836
2004-04-16 00:00:00+00:00,75.62979888916016
2004-04-19 00:00:00+00:00,75.62979888916016
2004-04-20 00:00:00+00:00,74.36074829101562
2004-04-21 00:00:00+00:00,74.85909271240234
2004-04-22 00:00:00+00:00,75.90888214111328
2004-04-23 00:00:00+00:00,75.98197937011719
2004-04-26 00:00:00+00:00,75.87562561035156
2004-04-27 00:00:00+00:00,75.94206237792969
2004-04-28 00:00:00+00:00,74.95873260498047
2004-04-29 00:00:00+00:00,74.30098724365234
2004-04-30 00:00:00+00:00,73.72296142578125
2004-05-03 00:00:00+00:00,74.51360321044922
2004-05-04 00:00:00+00:00,74.45380401611328
2004-05-05 00:00:00+00:00,74.93217468261719
2004-05-06 00:00:00+00:00,74.2876968383789
2004-05-07 00:00:00+00:00,73.05852508544922
2004-05-10 00:00:00+00:00,72.30775451660156
2004-05-11 00:00:00+00:00,72.91901397705078
2004-05-12 00:00:00+00:00,73.38412475585938
2004-05-13 00:00:00+00:00,73.07846069335938
2004-05-14 00:00:00+00:00,73.1117172241211
2004-05-17 00:00:00+00:00,72.48712158203125
2004-05-18 00:00:00+00:00,72.85257720947266
2004-05-19 00:00:00+00:00,72.6000747680664
2004-05-20 00:00:00+00:00,72.83262634277344
2004-05-21 00:00:00+00:00,72.9588851928711
2004-05-24 00:00:00+00:00,73.26451110839844
2004-05-25 00:00:00+00:00,74.31427001953125
2004-05-26 00:00:00+00:00,74.57342529296875
2004-05-27 00:00:00+00:00,74.99195861816406
2004-05-28 00:00:00+00:00,74.98533630371094
2004-06-01 00:00:00+00:00,74.88567352294922
2004-06-02 00:00:00+00:00,75.16472625732422
2004-06-03 00:00:00+00:00,74.4737319946289
2004-06-04 00:00:00+00:00,75.0650405883789
2004-06-07 00:00:00+00:00,76.20785522460938
2004-06-08 00:00:00+00:00,76.31415557861328
2004-06-09 00:00:00+00:00,75.60321044921875
2004-06-10 00:00:00+00:00,75.97528076171875
2004-06-14 00:00:00+00:00,75.22454071044922
2004-06-15 00:00:00+00:00,75.75602722167969
2004-06-16 00:00:00+00:00,75.74275970458984
2004-06-17 00:00:00+00:00,75.62979888916016
2004-06-18 00:00:00+00:00,75.77252197265625
2004-06-21 00:00:00+00:00,75.48576354980469
2004-06-22 00:00:00+00:00,75.86583709716797
2004-06-23 00:00:00+00:00,76.5194091796875
2004-06-24 00:00:00+00:00,76.279296875
2004-06-25 00:00:00+00:00,75.91252899169922
2004-06-28 00:00:00+00:00,75.65247344970703
2004-06-29 00:00:00+00:00,75.96589660644531
2004-06-30 00:00:00+00:00,76.3726806640625
2004-07-01 00:00:00+00:00,75.31238555908203
2004-07-02 00:00:00+00:00,75.27239227294922
2004-07-06 00:00:00+00:00,74.6122055053711
2004-07-07 00:00:00+00:00,74.832275390625
2004-07-08 00:00:00+00:00,74.31217956542969
2004-07-09 00:00:00+00:00,74.50553131103516
2004-07-12 00:00:00+00:00,74.53887939453125
2004-07-13 00:00:00+00:00,74.59220886230469
2004-07-14 00:00:00+00:00,74.36549377441406
2004-07-15 00:00:00+00:00,73.88533782958984
2004-07-16 00:00:00+00:00,73.82535552978516
2004-07-19 00:00:00+00:00,73.511962890625
2004-07-20 00:00:00+00:00,74.4455337524414
2004-07-21 00:00:00+00:00,73.07184600830078
2004-07-22 00:00:00+00:00,73.27188110351562
2004-07-23 00:00:00+00:00,72.65837860107422
2004-07-26 00:00:00+00:00,72.51834869384766
2004-07-27 00:00:00+00:00,73.19849395751953
2004-07-28 00:00:00+00:00,73.41858673095703
2004-07-29 00:00:00+00:00,73.73199462890625
2004-07-30 00:00:00+00:00,73.9120101928711
2004-08-02 00:00:00+00:00,74.06536865234375
2004-08-03 00:00:00+00:00,73.49197387695312
2004-08-04 00:00:00+00:00,73.48524475097656
2004-08-05 00:00:00+00:00,72.28494262695312
2004-08-06 00:00:00+00:00,71.25135040283203
2004-08-09 00:00:00+00:00,71.35140991210938
2004-08-10 00:00:00+00:00,72.2716293334961
2004-08-11 00:00:00+00:00,72.1249008178711
2004-08-12 00:00:00+00:00,71.33809661865234
2004-08-13 00:00:00+00:00,71.47808074951172
2004-08-16 00:00:00+00:00,72.21829223632812
2004-08-17 00:00:00+00:00,72.62503814697266
2004-08-18 00:00:00+00:00,73.37190246582031
2004-08-19 00:00:00+00:00,73.15851593017578
2004-08-20 00:00:00+00:00,73.67198181152344
2004-08-23 00:00:00+00:00,73.48524475097656
2004-08-24 00:00:00+00:00,73.58525085449219
2004-08-25 00:00:00+00:00,74.0854263305664
2004-08-26 00:00:00+00:00,74.0854263305664
2004-08-27 00:00:00+00:00,74.31879425048828
2004-08-30 00:00:00+00:00,73.7053451538086
2004-08-31 00:00:00+00:00,74.09209442138672
2004-09-01 00:00:00+00:00,74.23211669921875
2004-09-02 00:00:00+00:00,75.07231903076172
2004-09-03 00:00:00+00:00,74.76564025878906
2004-09-07 00:00:00+00:00,75.25904083251953
2004-09-08 00:00:00+00:00,75.07231903076172
2004-09-09 00:00:00+00:00,75.0056381225586
2004-09-10 00:00:00+00:00,75.39238739013672
2004-09-13 00:00:00+00:00,75.63916778564453
2004-09-14 00:00:00+00:00,75.79252624511719
2004-09-15 00:00:00+00:00,75.21904754638672
2004-09-16 00:00:00+00:00,75.44577026367188
2004-09-17 00:00:00+00:00,75.7665023803711
2004-09-20 00:00:00+00:00,75.3111801147461
2004-09-21 00:00:00+00:00,75.6392822265625
2004-09-22 00:00:00+00:00,74.69514465332031
2004-09-23 00:00:00+00:00,74.29337310791016
2004-09-24 00:00:00+00:00,74.63483428955078
2004-09-27 00:00:00+00:00,74.159423828125
2004-09-28 00:00:00+00:00,74.51435852050781
2004-09-29 00:00:00+00:00,74.88929748535156
2004-09-30 00:00:00+00:00,74.83575439453125
2004-10-01 00:00:00+00:00,76.10132598876953
2004-10-04 00:00:00+00:00,76.22852325439453
2004-10-05 00:00:00+00:00,76.26871490478516
2004-10-06 00:00:00+00:00,76.7909927368164
2004-10-07 00:00:00+00:00,75.96737670898438
2004-10-08 00:00:00+00:00,75.33796691894531
2004-10-11 00:00:00+00:00,75.64595794677734
2004-10-12 00:00:00+00:00,75.35137176513672
2004-10-13 00:00:00+00:00,74.68843841552734
2004-10-14 00:00:00+00:00,74.08578491210938
2004-10-15 00:00:00+00:00,74.50091552734375
2004-10-18 00:00:00+00:00,74.7822036743164
2004-10-19 00:00:00+00:00,74.15274810791016
2004-10-20 00:00:00+00:00,74.00541687011719
2004-10-21 00:00:00+00:00,74.48755645751953
2004-10-22 00:00:00+00:00,73.65052032470703
2004-10-25 00:00:00+00:00,73.56349182128906
2004-10-26 00:00:00+00:00,74.68843841552734
2004-10-27 00:00:00+00:00,75.58570861816406
2004-10-28 00:00:00+00:00,75.81340789794922
2004-10-29 00:00:00+00:00,75.79998016357422
2004-11-01 00:00:00+00:00,76.00758361816406
2004-11-02 00:00:00+00:00,76.03434753417969
2004-11-03 00:00:00+00:00,76.99187469482422
2004-11-04 00:00:00+00:00,78.04319763183594
2004-11-05 00:00:00+00:00,78.53199768066406
2004-11-08 00:00:00+00:00,78.41816711425781
2004-11-09 00:00:00+00:00,78.26416015625
2004-11-10 00:00:00+00:00,78.3244400024414
2004-11-11 00:00:00+00:00,78.92037200927734
2004-11-12 00:00:00+00:00,79.54312133789062
2004-11-15 00:00:00+00:00,79.73851776123047
2004-11-16 00:00:00+00:00,79.16771697998047
2004-11-17 00:00:00+00:00,79.63780212402344
2004-11-18 00:00:00+00:00,79.74527740478516
2004-11-19 00:00:00+00:00,78.85874938964844
2004-11-22 00:00:00+00:00,79.23483276367188
2004-11-23 00:00:00+00:00,79.35574340820312
2004-11-24 00:00:00+00:00,79.54376220703125
2004-11-26 00:00:00+00:00,79.48332977294922
2004-11-29 00:00:00+00:00,79.12067413330078
2004-11-30 00:00:00+00:00,79.17440795898438
2004-12-01 00:00:00+00:00,80.07431030273438
2004-12-02 00:00:00+00:00,80.14151000976562
2004-12-03 00:00:00+00:00,80.0877685546875
2004-12-06 00:00:00+00:00,80.06092834472656
2004-12-07 00:00:00+00:00,79.31543731689453
2004-12-08 00:00:00+00:00,79.77885437011719
2004-12-09 00:00:00+00:00,80.06092834472656
2004-12-10 00:00:00+00:00,80.14151000976562
2004-12-13 00:00:00+00:00,80.8399658203125
2004-12-14 00:00:00+00:00,81.12203216552734
2004-12-15 00:00:00+00:00,81.18248748779297
2004-12-16 00:00:00+00:00,81.13543701171875
2004-12-17 00:00:00+00:00,80.59429168701172
2004-12-20 00:00:00+00:00,80.61453247070312
2004-12-21 00:00:00+00:00,81.23532104492188
2004-12-22 00:00:00+00:00,81.43096923828125
2004-12-23 00:00:00+00:00,81.49174499511719
2004-12-27 00:00:00+00:00,81.32303619384766
2004-12-28 00:00:00+00:00,81.76840209960938
2004-12-29 00:00:00+00:00,81.88985443115234
2004-12-30 00:00:00+00:00,81.73467254638672
2004-12-31 00:00:00+00:00,81.5591812133789
2005-01-03 00:00:00+00:00,81.17459106445312
2005-01-04 00:00:00+00:00,80.18268585205078
2005-01-05 00:00:00+00:00,79.62938690185547
2005-01-06 00:00:00+00:00,80.03424835205078
2005-01-07 00:00:00+00:00,79.91950225830078
2005-01-10 00:00:00+00:00,80.29741668701172
2005-01-11 00:00:00+00:00,79.74407958984375
2005-01-12 00:00:00+00:00,80.00725555419922
2005-01-13 00:00:00+00:00,79.36625671386719
2005-01-14 00:00:00+00:00,79.78458404541016
2005-01-18 00:00:00+00:00,80.61453247070312
2005-01-19 00:00:00+00:00,79.77107238769531
2005-01-20 00:00:00+00:00,79.2852783203125
2005-01-21 00:00:00+00:00,78.79940032958984
2005-01-24 00:00:00+00:00,78.64421844482422
2005-01-25 00:00:00+00:00,78.86690521240234
2005-01-26 00:00:00+00:00,79.10306549072266
2005-01-27 00:00:00+00:00,79.2380142211914
2005-01-28 00:00:00+00:00,79.2380142211914
2005-01-31 00:00:00+00:00,79.7305908203125
2005-02-01 00:00:00+00:00,80.23667907714844
2005-02-02 00:00:00+00:00,80.47957611083984
2005-02-03 00:00:00+00:00,80.2704086303711
2005-02-04 00:00:00+00:00,81.12737274169922
2005-02-07 00:00:00+00:00,81.01940155029297
2005-02-08 00:00:00+00:00,81.11389923095703
2005-02-09 00:00:00+00:00,80.506591796875
2005-02-10 00:00:00+00:00,80.7967300415039
2005-02-11 00:00:00+00:00,81.49174499511719
2005-02-14 00:00:00+00:00,81.43096923828125
2005-02-15 00:00:00+00:00,81.73467254638672
2005-02-16 00:00:00+00:00,81.78864288330078
2005-02-17 00:00:00+00:00,81.12737274169922
2005-02-18 00:00:00+00:00,81.23532104492188
2005-02-22 00:00:00+00:00,80.02750396728516
2005-02-23 00:00:00+00:00,80.60105895996094
2005-02-24 00:00:00+00:00,81.13411712646484
2005-02-25 00:00:00+00:00,81.93709564208984
2005-02-28 00:00:00+00:00,81.39729309082031
2005-03-01 00:00:00+00:00,81.80216217041016
2005-03-02 00:00:00+00:00,81.76163482666016
2005-03-03 00:00:00+00:00,81.79540252685547
2005-03-04 00:00:00+00:00,82.81428527832031
2005-03-07 00:00:00+00:00,82.85478210449219
2005-03-08 00:00:00+00:00,82.54440307617188
2005-03-09 00:00:00+00:00,81.62670135498047
2005-03-10 00:00:00+00:00,81.80889129638672
2005-03-11 00:00:00+00:00,81.23532104492188
2005-03-14 00:00:00+00:00,81.74140930175781
2005-03-15 00:00:00+00:00,81.0666275024414
2005-03-16 00:00:00+00:00,80.37837982177734
2005-03-17 00:00:00+00:00,80.5403060913086
2005-03-18 00:00:00+00:00,80.30117797851562
2005-03-21 00:00:00+00:00,80.00309753417969
2005-03-22 00:00:00+00:00,79.19023132324219
2005-03-23 00:00:00+00:00,79.25798797607422
2005-03-24 00:00:00+00:00,79.3528060913086
2005-03-28 00:00:00+00:00,79.46796417236328
2005-03-29 00:00:00+00:00,78.9395523071289
2005-03-30 00:00:00+00:00,80.05730438232422
2005-03-31 00:00:00+00:00,79.90827178955078
2005-04-01 00:00:00+00:00,79.54924011230469
2005-04-04 00:00:00+00:00,79.68473052978516
2005-04-05 00:00:00+00:00,80.06410217285156
2005-04-06 00:00:00+00:00,80.3418197631836
2005-04-07 00:00:00+00:00,80.77538299560547
2005-04-08 00:00:00+00:00,79.93539428710938
2005-04-11 00:00:00+00:00,79.9963607788086
2005-04-12 00:00:00+00:00,80.40956115722656
2005-04-13 00:00:00+00:00,79.461181640625
2005-04-14 00:00:00+00:00,78.42474365234375
2005-04-15 00:00:00+00:00,77.32733154296875
2005-04-18 00:00:00+00:00,77.56442260742188
2005-04-19 00:00:00+00:00,78.18087768554688
2005-04-20 00:00:00+00:00,77.09026336669922
2005-04-21 00:00:00+00:00,78.58732604980469
2005-04-22 00:00:00+00:00,78.28926086425781
2005-04-25 00:00:00+00:00,78.8040771484375
2005-04-26 00:00:00+00:00,78.03862762451172
2005-04-27 00:00:00+00:00,78.34346008300781
2005-04-28 00:00:00+00:00,77.36119079589844
2005-04-29 00:00:00+00:00,78.41119384765625
2005-05-02 00:00:00+00:00,78.85151672363281
2005-05-03 00:00:00+00:00,78.98700714111328
2005-05-04 00:00:00+00:00,79.5967025756836
2005-05-05 00:00:00+00:00,79.569580078125
2005-05-06 00:00:00+00:00,79.31893920898438
2005-05-09 00:00:00+00:00,79.8134536743164
2005-05-10 00:00:00+00:00,78.98700714111328
2005-05-11 00:00:00+00:00,79.42054748535156
2005-05-12 00:00:00+00:00,78.54668426513672
2005-05-13 00:00:00+00:00,78.390869140625
2005-05-16 00:00:00+00:00,79.12248992919922
2005-05-17 00:00:00+00:00,79.65087127685547
2005-05-18 00:00:00+00:00,80.47054290771484
2005-05-19 00:00:00+00:00,80.80924987792969
2005-05-20 00:00:00+00:00,80.69407653808594
2005-05-23 00:00:00+00:00,81.14117431640625
2005-05-24 00:00:00+00:00,80.95150756835938
2005-05-25 00:00:00+00:00,80.89055633544922
2005-05-26 00:00:00+00:00,81.3240966796875
2005-05-27 00:00:00+00:00,81.45957946777344
2005-05-31 00:00:00+00:00,80.93795013427734
2005-06-01 00:00:00+00:00,81.62893676757812
2005-06-02 00:00:00+00:00,81.80510711669922
2005-06-03 00:00:00+00:00,81.39183807373047
2005-06-06 00:00:00+00:00,81.31732177734375
2005-06-07 00:00:00+00:00,81.37828063964844
2005-06-08 00:00:00+00:00,81.22924041748047
2005-06-09 00:00:00+00:00,81.6153793334961
2005-06-10 00:00:00+00:00,81.42569732666016
2005-06-13 00:00:00+00:00,81.68313598632812
2005-06-14 00:00:00+00:00,81.87281036376953
2005-06-15 00:00:00+00:00,82.02859497070312
2005-06-16 00:00:00+00:00,82.23861694335938
2005-06-17 00:00:00+00:00,82.54331970214844
2005-06-20 00:00:00+00:00,82.57049560546875
2005-06-21 00:00:00+00:00,82.61811828613281
2005-06-22 00:00:00+00:00,82.68614196777344
2005-06-23 00:00:00+00:00,81.52307891845703
2005-06-24 00:00:00+00:00,80.92455291748047
2005-06-27 00:00:00+00:00,81.0401840209961
2005-06-28 00:00:00+00:00,81.7203140258789
2005-06-29 00:00:00+00:00,81.5027084350586
2005-06-30 00:00:00+00:00,81.06060791015625
2005-07-01 00:00:00+00:00,81.29862976074219
2005-07-05 00:00:00+00:00,81.9515609741211
2005-07-06 00:00:00+00:00,81.26461029052734
2005-07-07 00:00:00+00:00,81.58430480957031
2005-07-08 00:00:00+00:00,82.51610565185547
2005-07-11 00:00:00+00:00,82.93782043457031
2005-07-12 00:00:00+00:00,83.15546417236328
2005-07-13 00:00:00+00:00,83.2711181640625
2005-07-14 00:00:00+00:00,83.5975570678711
2005-07-15 00:00:00+00:00,83.54996490478516
2005-07-18 00:00:00+00:00,83.21670532226562
2005-07-19 00:00:00+00:00,83.67236328125
2005-07-20 00:00:00+00:00,83.95802307128906
2005-07-21 00:00:00+00:00,83.46833801269531
2005-07-22 00:00:00+00:00,84.02606201171875
2005-07-25 00:00:00+00:00,83.7879867553711
2005-07-26 00:00:00+00:00,83.8900375366211
2005-07-27 00:00:00+00:00,84.19612121582031
2005-07-28 00:00:00+00:00,84.72660827636719
2005-07-29 00:00:00+00:00,84.16204833984375
2005-08-01 00:00:00+00:00,84.1008529663086
2005-08-02 00:00:00+00:00,84.60417938232422
2005-08-03 00:00:00+00:00,84.82865142822266
2005-08-04 00:00:00+00:00,84.14847564697266
2005-08-05 00:00:00+00:00,83.57715606689453
2005-08-08 00:00:00+00:00,83.42071533203125
2005-08-09 00:00:00+00:00,83.92401885986328
2005-08-10 00:00:00+00:00,83.88322448730469
2005-08-11 00:00:00+00:00,84.21648406982422
2005-08-12 00:00:00+00:00,83.69956970214844
2005-08-15 00:00:00+00:00,84.21648406982422
2005-08-16 00:00:00+00:00,83.12147521972656
2005-08-17 00:00:00+00:00,83.11466979980469
2005-08-18 00:00:00+00:00,83.10780334472656
2005-08-19 00:00:00+00:00,83.29828643798828
2005-08-22 00:00:00+00:00,83.29828643798828
2005-08-23 00:00:00+00:00,83.1418685913086
2005-08-24 00:00:00+00:00,82.40050506591797
2005-08-25 00:00:00+00:00,82.69973754882812
2005-08-26 00:00:00+00:00,82.1352310180664
2005-08-29 00:00:00+00:00,82.76778411865234
2005-08-30 00:00:00+00:00,82.33245849609375
2005-08-31 00:00:00+00:00,83.37311553955078
2005-09-01 00:00:00+00:00,83.31188201904297
2005-09-02 00:00:00+00:00,83.1622543334961
2005-09-06 00:00:00+00:00,84.13491821289062
2005-09-07 00:00:00+00:00,84.2777099609375
2005-09-08 00:00:00+00:00,83.99884796142578
2005-09-09 00:00:00+00:00,84.74699401855469
2005-09-12 00:00:00+00:00,84.57698822021484
2005-09-13 00:00:00+00:00,84.10765075683594
2005-09-14 00:00:00+00:00,83.80158996582031
2005-09-15 00:00:00+00:00,83.76080322265625
2005-09-16 00:00:00+00:00,84.35638427734375
2005-09-19 00:00:00+00:00,84.07638549804688
2005-09-20 00:00:00+00:00,83.3659896850586
2005-09-21 00:00:00+00:00,82.58731079101562
2005-09-22 00:00:00+00:00,82.8810043334961
2005-09-23 00:00:00+00:00,82.9493179321289
2005-09-26 00:00:00+00:00,83.04499053955078
2005-09-27 00:00:00+00:00,83.02444458007812
2005-09-28 00:00:00+00:00,83.10643005371094
2005-09-29 00:00:00+00:00,83.78263854980469
2005-09-30 00:00:00+00:00,84.04219055175781
2005-10-03 00:00:00+00:00,83.74161529541016
2005-10-04 00:00:00+00:00,82.7990951538086
2005-10-05 00:00:00+00:00,81.71300506591797
2005-10-06 00:00:00+00:00,81.4192886352539
2005-10-07 00:00:00+00:00,81.6993637084961
2005-10-10 00:00:00+00:00,81.00946044921875
2005-10-11 00:00:00+00:00,80.89334106445312
2005-10-12 00:00:00+00:00,80.25811767578125
2005-10-13 00:00:00+00:00,80.21031951904297
2005-10-14 00:00:00+00:00,81.0572738647461
2005-10-17 00:00:00+00:00,81.3577880859375
2005-10-18 00:00:00+00:00,80.47669219970703
2005-10-19 00:00:00+00:00,81.81546783447266
2005-10-20 00:00:00+00:00,80.37422943115234
2005-10-21 00:00:00+00:00,80.68842315673828
2005-10-24 00:00:00+00:00,81.93839263916016
2005-10-25 00:00:00+00:00,81.77449798583984
2005-10-26 00:00:00+00:00,81.535400390625
2005-10-27 00:00:00+00:00,80.66793060302734
2005-10-28 00:00:00+00:00,81.82913208007812
2005-10-31 00:00:00+00:00,82.05451965332031
2005-11-01 00:00:00+00:00,82.30042266845703
2005-11-02 00:00:00+00:00,83.16107177734375
2005-11-03 00:00:00+00:00,83.51624298095703
2005-11-04 00:00:00+00:00,83.40696716308594
2005-11-07 00:00:00+00:00,83.48895263671875
2005-11-08 00:00:00+00:00,83.48895263671875
2005-11-09 00:00:00+00:00,83.59825134277344
2005-11-10 00:00:00+00:00,84.24712371826172
2005-11-11 00:00:00+00:00,84.53398895263672
2005-11-14 00:00:00+00:00,84.48617553710938
2005-11-15 00:00:00+00:00,84.1788101196289
2005-11-16 00:00:00+00:00,84.34957122802734
2005-11-17 00:00:00+00:00,85.13509368896484
2005-11-18 00:00:00+00:00,85.46975708007812
2005-11-21 00:00:00+00:00,85.90010070800781
2005-11-22 00:00:00+00:00,86.2689437866211
2005-11-23 00:00:00+00:00,86.76753234863281
2005-11-25 00:00:00+00:00,86.83589172363281
2005-11-28 00:00:00+00:00,86.22113800048828
2005-11-29 00:00:00+00:00,86.1255111694336
2005-11-30 00:00:00+00:00,85.66104125976562
2005-12-01 00:00:00+00:00,86.53535461425781
2005-12-02 00:00:00+00:00,86.64460754394531
2005-12-05 00:00:00+00:00,86.46018981933594
2005-12-06 00:00:00+00:00,86.6241226196289
2005-12-07 00:00:00+00:00,86.11868286132812
2005-12-08 00:00:00+00:00,86.06401062011719
2005-12-09 00:00:00+00:00,86.2894058227539
2005-12-12 00:00:00+00:00,86.37136840820312
2005-12-13 00:00:00+00:00,86.95880889892578
2005-12-14 00:00:00+00:00,87.30033874511719
2005-12-15 00:00:00+00:00,87.04761505126953
2005-12-16 00:00:00+00:00,86.76742553710938
2005-12-19 00:00:00+00:00,86.32112121582031
2005-12-20 00:00:00+00:00,86.40353393554688
2005-12-21 00:00:00+00:00,86.54085540771484
2005-12-22 00:00:00+00:00,86.99406433105469
2005-12-23 00:00:00+00:00,87.04214477539062
2005-12-27 00:00:00+00:00,86.15631866455078
2005-12-28 00:00:00+00:00,86.34857177734375
2005-12-29 00:00:00+00:00,85.96406555175781
2005-12-30 00:00:00+00:00,85.49713897705078
2006-01-03 00:00:00+00:00,87.00091552734375
2006-01-04 00:00:00+00:00,87.41293334960938
2006-01-05 00:00:00+00:00,87.46788024902344
2006-01-06 00:00:00+00:00,88.19574737548828
2006-01-09 00:00:00+00:00,88.4223403930664
2006-01-10 00:00:00+00:00,88.51158905029297
2006-01-11 00:00:00+00:00,88.79310607910156
2006-01-12 00:00:00+00:00,88.44293975830078
2006-01-13 00:00:00+00:00,88.36051940917969
2006-01-17 00:00:00+00:00,88.12019348144531
2006-01-18 00:00:00+00:00,87.76997375488281
2006-01-19 00:00:00+00:00,88.10646057128906
2006-01-20 00:00:00+00:00,86.49967956542969
2006-01-23 00:00:00+00:00,86.80865478515625
2006-01-24 00:00:00+00:00,86.89794158935547
2006-01-25 00:00:00+00:00,86.97344970703125
2006-01-26 00:00:00+00:00,87.45409393310547
2006-01-27 00:00:00+00:00,88.26438903808594
2006-01-30 00:00:00+00:00,88.19574737548828
2006-01-31 00:00:00+00:00,87.55023193359375
2006-02-01 00:00:00+00:00,88.16139221191406
2006-02-02 00:00:00+00:00,87.13825988769531
2006-02-03 00:00:00+00:00,86.70565032958984
2006-02-06 00:00:00+00:00,86.93225860595703
2006-02-07 00:00:00+00:00,86.16320037841797
2006-02-08 00:00:00+00:00,86.94595336914062
2006-02-09 00:00:00+00:00,86.80179595947266
2006-02-10 00:00:00+00:00,86.959716796875
2006-02-13 00:00:00+00:00,86.80179595947266
2006-02-14 00:00:00+00:00,87.72189331054688
2006-02-15 00:00:00+00:00,88.0309066772461
2006-02-16 00:00:00+00:00,88.69011688232422
2006-02-17 00:00:00+00:00,88.44976806640625
2006-02-21 00:00:00+00:00,88.23004913330078
2006-02-22 00:00:00+00:00,88.76567077636719
2006-02-23 00:00:00+00:00,88.63517761230469
2006-02-24 00:00:00+00:00,88.8617935180664
2006-02-27 00:00:00+00:00,88.89613342285156
2006-02-28 00:00:00+00:00,88.0515365600586
2006-03-01 00:00:00+00:00,88.83431243896484
2006-03-02 00:00:00+00:00,88.82743835449219
2006-03-03 00:00:00+00:00,88.41546630859375
2006-03-06 00:00:00+00:00,88.01032257080078
2006-03-07 00:00:00+00:00,87.87301635742188
2006-03-08 00:00:00+00:00,88.05835723876953
2006-03-09 00:00:00+00:00,87.46788024902344
2006-03-10 00:00:00+00:00,88.29873657226562
2006-03-13 00:00:00+00:00,88.46353149414062
2006-03-14 00:00:00+00:00,89.39053344726562
2006-03-15 00:00:00+00:00,89.78878784179688
2006-03-16 00:00:00+00:00,89.97420501708984
2006-03-17 00:00:00+00:00,90.0493392944336
2006-03-20 00:00:00+00:00,89.90455627441406
2006-03-21 00:00:00+00:00,89.3392333984375
2006-03-22 00:00:00+00:00,89.8838882446289
2006-03-23 00:00:00+00:00,89.69774627685547
2006-03-24 00:00:00+00:00,89.76668548583984
2006-03-27 00:00:00+00:00,89.63569641113281
2006-03-28 00:00:00+00:00,89.08415222167969
2006-03-29 00:00:00+00:00,89.642578125
2006-03-30 00:00:00+00:00,89.48404693603516
2006-03-31 00:00:00+00:00,89.50471496582031
2006-04-03 00:00:00+00:00,89.43577575683594
2006-04-04 00:00:00+00:00,90.00798797607422
2006-04-05 00:00:00+00:00,90.31820678710938
2006-04-06 00:00:00+00:00,90.22166442871094
2006-04-07 00:00:00+00:00,89.30475616455078
2006-04-10 00:00:00+00:00,89.4426498413086
2006-04-11 00:00:00+00:00,88.6843490600586
2006-04-12 00:00:00+00:00,88.84978485107422
2006-04-13 00:00:00+00:00,88.73258972167969
2006-04-17 00:00:00+00:00,88.69808959960938
2006-04-18 00:00:00+00:00,90.10450744628906
2006-04-19 00:00:00+00:00,90.27682495117188
2006-04-20 00:00:00+00:00,90.40093231201172
2006-04-21 00:00:00+00:00,90.41470336914062
2006-04-24 00:00:00+00:00,90.24925994873047
2006-04-25 00:00:00+00:00,89.87699890136719
2006-04-26 00:00:00+00:00,89.89763641357422
2006-04-27 00:00:00+00:00,90.33198547363281
2006-04-28 00:00:00+00:00,90.63533782958984
2006-05-01 00:00:00+00:00,89.89763641357422
2006-05-02 00:00:00+00:00,90.57330322265625
2006-05-03 00:00:00+00:00,90.23548126220703
2006-05-04 00:00:00+00:00,90.55947875976562
2006-05-05 00:00:00+00:00,91.35920715332031
2006-05-08 00:00:00+00:00,91.24890899658203
2006-05-09 00:00:00+00:00,91.42813110351562
2006-05-10 00:00:00+00:00,91.37989807128906
2006-05-11 00:00:00+00:00,90.27682495117188
2006-05-12 00:00:00+00:00,89.09796905517578
2006-05-15 00:00:00+00:00,89.27722930908203
2006-05-16 00:00:00+00:00,89.14624786376953
2006-05-17 00:00:00+00:00,87.45027923583984
2006-05-18 00:00:00+00:00,87.00910186767578
2006-05-19 00:00:00+00:00,87.62267303466797
2006-05-22 00:00:00+00:00,86.95394134521484
2006-05-23 00:00:00+00:00,86.2921142578125
2006-05-24 00:00:00+00:00,86.98152923583984
2006-05-25 00:00:00+00:00,88.05696105957031
2006-05-26 00:00:00+00:00,88.50509643554688
2006-05-30 00:00:00+00:00,86.9332504272461
2006-05-31 00:00:00+00:00,87.90533447265625
2006-06-01 00:00:00+00:00,88.74638366699219
2006-06-02 00:00:00+00:00,88.9325180053711
2006-06-05 00:00:00+00:00,87.63642120361328
2006-06-06 00:00:00+00:00,87.42274475097656
2006-06-07 00:00:00+00:00,86.76777648925781
2006-06-08 00:00:00+00:00,86.69196319580078
2006-06-09 00:00:00+00:00,86.41619873046875
2006-06-12 00:00:00+00:00,85.47859191894531
2006-06-13 00:00:00+00:00,84.48590850830078
2006-06-14 00:00:00+00:00,85.14083862304688
2006-06-15 00:00:00+00:00,86.94705963134766
2006-06-16 00:00:00+00:00,86.31344604492188
2006-06-19 00:00:00+00:00,85.63481140136719
2006-06-20 00:00:00+00:00,85.9256820678711
2006-06-21 00:00:00+00:00,86.56275177001953
2006-06-22 00:00:00+00:00,86.18190002441406
2006-06-23 00:00:00+00:00,86.1680679321289
2006-06-26 00:00:00+00:00,86.54886627197266
2006-06-27 00:00:00+00:00,85.80106353759766
2006-06-28 00:00:00+00:00,86.38270568847656
2006-06-29 00:00:00+00:00,88.12767791748047
2006-06-30 00:00:00+00:00,88.13459014892578
2006-07-03 00:00:00+00:00,88.49465942382812
2006-07-05 00:00:00+00:00,87.98917388916016
2006-07-06 00:00:00+00:00,88.2453842163086
2006-07-07 00:00:00+00:00,87.67063903808594
2006-07-10 00:00:00+00:00,87.83682250976562
2006-07-11 00:00:00+00:00,88.2245864868164
2006-07-12 00:00:00+00:00,87.28287506103516
2006-07-13 00:00:00+00:00,85.86337280273438
2006-07-14 00:00:00+00:00,85.5309829711914
2006-07-17 00:00:00+00:00,85.4063491821289
2006-07-18 00:00:00+00:00,85.84258270263672
2006-07-19 00:00:00+00:00,87.03360748291016
2006-07-20 00:00:00+00:00,86.43812561035156
2006-07-21 00:00:00+00:00,85.82872772216797
2006-07-24 00:00:00+00:00,87.3936767578125
2006-07-25 00:00:00+00:00,87.70524597167969
2006-07-26 00:00:00+00:00,87.8229751586914
2006-07-27 00:00:00+00:00,87.73991394042969
2006-07-28 00:00:00+00:00,88.61935424804688
2006-07-31 00:00:00+00:00,88.529296875
2006-08-01 00:00:00+00:00,88.09304809570312
2006-08-02 00:00:00+00:00,88.68855285644531
2006-08-03 00:00:00+00:00,88.92396545410156
2006-08-04 00:00:00+00:00,88.77164459228516
2006-08-07 00:00:00+00:00,88.56391143798828
2006-08-08 00:00:00+00:00,88.2245864868164
2006-08-09 00:00:00+00:00,87.92684173583984
2006-08-10 00:00:00+00:00,88.1969223022461
2006-08-11 00:00:00+00:00,87.94764709472656
2006-08-14 00:00:00+00:00,88.01688385009766
2006-08-15 00:00:00+00:00,89.06939697265625
2006-08-16 00:00:00+00:00,89.81031799316406
2006-08-17 00:00:00+00:00,90.03880310058594
2006-08-18 00:00:00+00:00,90.49586486816406
2006-08-21 00:00:00+00:00,90.1080551147461
2006-08-22 00:00:00+00:00,90.10112762451172
2006-08-23 00:00:00+00:00,89.85184478759766
2006-08-24 00:00:00+00:00,89.775634765625
2006-08-25 00:00:00+00:00,89.886474609375
2006-08-28 00:00:00+00:00,90.31578063964844
2006-08-29 00:00:00+00:00,90.41968536376953
2006-08-30 00:00:00+00:00,90.47505950927734
2006-08-31 00:00:00+00:00,90.4612045288086
2006-09-01 00:00:00+00:00,91.00133514404297
2006-09-05 00:00:00+00:00,91.17440032958984
2006-09-06 00:00:00+00:00,90.37122344970703
2006-09-07 00:00:00+00:00,89.95569610595703
2006-09-08 00:00:00+00:00,90.2119369506836
2006-09-11 00:00:00+00:00,90.30195617675781
2006-09-12 00:00:00+00:00,91.18829345703125
2006-09-13 00:00:00+00:00,91.5553207397461
2006-09-14 00:00:00+00:00,91.5622329711914
2006-09-15 00:00:00+00:00,91.77711486816406
2006-09-18 00:00:00+00:00,91.90225219726562
2006-09-19 00:00:00+00:00,91.67280578613281
2006-09-20 00:00:00+00:00,92.15962982177734
2006-09-21 00:00:00+00:00,91.71451568603516
2006-09-22 00:00:00+00:00,91.43630981445312
2006-09-25 00:00:00+00:00,92.13873291015625
2006-09-26 00:00:00+00:00,92.90380859375
2006-09-27 00:00:00+00:00,93.01506042480469
2006-09-28 00:00:00+00:00,92.98030090332031
2006-09-29 00:00:00+00:00,92.90380859375
2006-10-02 00:00:00+00:00,92.55606079101562
2006-10-03 00:00:00+00:00,92.75079345703125
2006-10-04 00:00:00+00:00,93.83573913574219
2006-10-05 00:00:00+00:00,94.01654815673828
2006-10-06 00:00:00+00:00,93.89832305908203
2006-10-09 00:00:00+00:00,93.95397186279297
2006-10-10 00:00:00+00:00,94.07917785644531
2006-10-11 00:00:00+00:00,93.96788787841797
2006-10-12 00:00:00+00:00,94.7816162109375
2006-10-13 00:00:00+00:00,95.02506256103516
2006-10-16 00:00:00+00:00,95.17110443115234
2006-10-17 00:00:00+00:00,94.87201690673828
2006-10-18 00:00:00+00:00,94.99724578857422
2006-10-19 00:00:00+00:00,95.15023040771484
2006-10-20 00:00:00+00:00,95.17110443115234
2006-10-23 00:00:00+00:00,95.60924530029297
2006-10-24 00:00:00+00:00,95.89443969726562
2006-10-25 00:00:00+00:00,96.22127532958984
2006-10-26 00:00:00+00:00,96.5204086303711
2006-10-27 00:00:00+00:00,95.9152603149414
2006-10-30 00:00:00+00:00,95.8457260131836
2006-10-31 00:00:00+00:00,95.831787109375
2006-11-01 00:00:00+00:00,95.18500518798828
2006-11-02 00:00:00+00:00,95.12935638427734
2006-11-03 00:00:00+00:00,94.96244049072266
2006-11-06 00:00:00+00:00,96.03348541259766
2006-11-07 00:00:00+00:00,96.40213775634766
2006-11-08 00:00:00+00:00,96.61076354980469
2006-11-09 00:00:00+00:00,96.10304260253906
2006-11-10 00:00:00+00:00,96.14483642578125
2006-11-13 00:00:00+00:00,96.38125610351562
2006-11-14 00:00:00+00:00,97.10457611083984
2006-11-15 00:00:00+00:00,97.38279724121094
2006-11-16 00:00:00+00:00,97.63310241699219
2006-11-17 00:00:00+00:00,97.66095733642578
2006-11-20 00:00:00+00:00,97.71660614013672
2006-11-21 00:00:00+00:00,97.81395721435547
2006-11-22 00:00:00+00:00,98.00873565673828
2006-11-24 00:00:00+00:00,97.61227416992188
2006-11-27 00:00:00+00:00,96.26998901367188
2006-11-28 00:00:00+00:00,96.68726348876953
2006-11-29 00:00:00+00:00,97.69575500488281
2006-11-30 00:00:00+00:00,97.73748016357422
2006-12-01 00:00:00+00:00,97.5218734741211
2006-12-04 00:00:00+00:00,98.26604461669922
2006-12-05 00:00:00+00:00,98.69032287597656
2006-12-06 00:00:00+00:00,98.60686492919922
2006-12-07 00:00:00+00:00,98.1756362915039
2006-12-08 00:00:00+00:00,98.35648345947266
2006-12-11 00:00:00+00:00,98.64159393310547
2006-12-12 00:00:00+00:00,98.56512451171875
2006-12-13 00:00:00+00:00,98.66943359375
2006-12-14 00:00:00+00:00,99.538818359375
2006-12-15 00:00:00+00:00,99.5478744506836
2006-12-18 00:00:00+00:00,99.2751235961914
2006-12-19 00:00:00+00:00,99.46398162841797
2006-12-20 00:00:00+00:00,99.40802001953125
2006-12-21 00:00:00+00:00,99.04429626464844
2006-12-22 00:00:00+00:00,98.4359130859375
2006-12-26 00:00:00+00:00,99.01634216308594
2006-12-27 00:00:00+00:00,99.66677856445312
2006-12-28 00:00:00+00:00,99.45703125
2006-12-29 00:00:00+00:00,99.04429626464844
2007-01-03 00:00:00+00:00,98.8695068359375
2007-01-04 00:00:00+00:00,99.07931518554688
2007-01-05 00:00:00+00:00,98.28902435302734
2007-01-08 00:00:00+00:00,98.74359130859375
2007-01-09 00:00:00+00:00,98.65972137451172
2007-01-10 00:00:00+00:00,98.98836517333984
2007-01-11 00:00:00+00:00,99.42201232910156
2007-01-12 00:00:00+00:00,100.17732238769531
2007-01-16 00:00:00+00:00,99.98147583007812
2007-01-17 00:00:00+00:00,100.02342987060547
2007-01-18 00:00:00+00:00,99.687744140625
2007-01-19 00:00:00+00:00,99.88358306884766
2007-01-22 00:00:00+00:00,99.57585144042969
2007-01-23 00:00:00+00:00,99.86959838867188
2007-01-24 00:00:00+00:00,100.6738510131836
2007-01-25 00:00:00+00:00,99.49197387695312
2007-01-26 00:00:00+00:00,99.4009780883789
2007-01-29 00:00:00+00:00,99.3450698852539
2007-01-30 00:00:00+00:00,99.86260223388672
2007-01-31 00:00:00+00:00,100.53399658203125
2007-02-01 00:00:00+00:00,101.13545989990234
2007-02-02 00:00:00+00:00,101.27532196044922
2007-02-05 00:00:00+00:00,101.30333709716797
2007-02-06 00:00:00+00:00,101.3312759399414
2007-02-07 00:00:00+00:00,101.55503845214844
2007-02-08 00:00:00+00:00,101.42213439941406
2007-02-09 00:00:00+00:00,100.6668930053711
2007-02-12 00:00:00+00:00,100.32413482666016
2007-02-13 00:00:00+00:00,101.1704330444336
2007-02-14 00:00:00+00:00,101.8348159790039
2007-02-15 00:00:00+00:00,101.96769714355469
2007-02-16 00:00:00+00:00,101.91873931884766
2007-02-20 00:00:00+00:00,102.13551330566406
2007-02-21 00:00:00+00:00,102.09358978271484
2007-02-22 00:00:00+00:00,102.01666259765625
2007-02-23 00:00:00+00:00,101.6180191040039
2007-02-26 00:00:00+00:00,101.5270767211914
2007-02-27 00:00:00+00:00,97.5616683959961
2007-02-28 00:00:00+00:00,98.56173706054688
2007-03-01 00:00:00+00:00,98.2680435180664
2007-03-02 00:00:00+00:00,96.98119354248047
2007-03-05 00:00:00+00:00,96.05802917480469
2007-03-06 00:00:00+00:00,97.70152282714844
2007-03-07 00:00:00+00:00,97.6036376953125
2007-03-08 00:00:00+00:00,98.42887878417969
2007-03-09 00:00:00+00:00,98.4568862915039
2007-03-12 00:00:00+00:00,98.60372924804688
2007-03-13 00:00:00+00:00,96.68744659423828
2007-03-14 00:00:00+00:00,97.40782165527344
2007-03-15 00:00:00+00:00,97.54069519042969
2007-03-16 00:00:00+00:00,97.26752471923828
2007-03-19 00:00:00+00:00,98.44014739990234
2007-03-20 00:00:00+00:00,98.98080444335938
2007-03-21 00:00:00+00:00,100.6097183227539
2007-03-22 00:00:00+00:00,100.5324935913086
2007-03-23 00:00:00+00:00,100.67998504638672
2007-03-26 00:00:00+00:00,100.54657745361328
2007-03-27 00:00:00+00:00,100.307861328125
2007-03-28 00:00:00+00:00,99.57756042480469
2007-03-29 00:00:00+00:00,99.68295288085938
2007-03-30 00:00:00+00:00,99.70401000976562
2007-04-02 00:00:00+00:00,99.81635284423828
2007-04-03 00:00:00+00:00,100.89063262939453
2007-04-04 00:00:00+00:00,101.00297546386719
2007-04-05 00:00:00+00:00,101.27678680419922
2007-04-09 00:00:00+00:00,101.417236328125
2007-04-10 00:00:00+00:00,101.53662872314453
2007-04-11 00:00:00+00:00,101.12232208251953
2007-04-12 00:00:00+00:00,101.57170867919922
2007-04-13 00:00:00+00:00,102.03510284423828
2007-04-16 00:00:00+00:00,103.0040512084961
2007-04-17 00:00:00+00:00,103.27788543701172
2007-04-18 00:00:00+00:00,103.40426635742188
2007-04-19 00:00:00+00:00,103.37617492675781
2007-04-20 00:00:00+00:00,104.3521957397461
2007-04-23 00:00:00+00:00,103.95893096923828
2007-04-24 00:00:00+00:00,104.0010986328125
2007-04-25 00:00:00+00:00,104.95599365234375
2007-04-26 00:00:00+00:00,105.07536315917969
2007-04-27 00:00:00+00:00,104.99109649658203
2007-04-30 00:00:00+00:00,104.12042999267578
2007-05-01 00:00:00+00:00,104.38725280761719
2007-05-02 00:00:00+00:00,104.99813842773438
2007-05-03 00:00:00+00:00,105.56684875488281
2007-05-04 00:00:00+00:00,105.9670639038086
2007-05-07 00:00:00+00:00,105.98817443847656
2007-05-08 00:00:00+00:00,105.84771728515625
2007-05-09 00:00:00+00:00,106.1355972290039
2007-05-10 00:00:00+00:00,105.02623748779297
2007-05-11 00:00:00+00:00,105.92495727539062
2007-05-14 00:00:00+00:00,105.69326782226562
2007-05-15 00:00:00+00:00,105.72139739990234
2007-05-16 00:00:00+00:00,106.44452667236328
2007-05-17 00:00:00+00:00,106.23395538330078
2007-05-18 00:00:00+00:00,107.16070556640625
2007-05-21 00:00:00+00:00,107.10455322265625
2007-05-22 00:00:00+00:00,107.0202407836914
2007-05-23 00:00:00+00:00,107.0343246459961
2007-05-24 00:00:00+00:00,106.06535339355469
2007-05-25 00:00:00+00:00,106.50777435302734
2007-05-29 00:00:00+00:00,106.8938980102539
2007-05-30 00:00:00+00:00,107.76455688476562
2007-05-31 00:00:00+00:00,107.65226745605469
2007-06-01 00:00:00+00:00,108.18584442138672
2007-06-04 00:00:00+00:00,108.19989776611328
2007-06-05 00:00:00+00:00,107.7716064453125
2007-06-06 00:00:00+00:00,106.61310577392578
2007-06-07 00:00:00+00:00,104.68916320800781
2007-06-08 00:00:00+00:00,106.05136108398438
2007-06-11 00:00:00+00:00,106.23395538330078
2007-06-12 00:00:00+00:00,105.07536315917969
2007-06-13 00:00:00+00:00,106.6482162475586
2007-06-14 00:00:00+00:00,107.3292236328125
2007-06-15 00:00:00+00:00,107.93993377685547
2007-06-18 00:00:00+00:00,107.81300354003906
2007-06-19 00:00:00+00:00,108.08094024658203
2007-06-20 00:00:00+00:00,106.57894897460938
2007-06-21 00:00:00+00:00,107.17127990722656
2007-06-22 00:00:00+00:00,106.16287994384766
2007-06-25 00:00:00+00:00,105.6551742553711
2007-06-26 00:00:00+00:00,104.56919860839844
2007-06-27 00:00:00+00:00,106.05712890625
2007-06-28 00:00:00+00:00,106.04309844970703
2007-06-29 00:00:00+00:00,106.0782699584961
2007-07-02 00:00:00+00:00,107.03730773925781
2007-07-03 00:00:00+00:00,107.42516326904297
2007-07-05 00:00:00+00:00,107.31231689453125
2007-07-06 00:00:00+00:00,107.87642669677734
2007-07-09 00:00:00+00:00,107.96107482910156
2007-07-10 00:00:00+00:00,106.42377471923828
2007-07-11 00:00:00+00:00,107.17831420898438
2007-07-12 00:00:00+00:00,108.87071228027344
2007-07-13 00:00:00+00:00,109.19514465332031
2007-07-16 00:00:00+00:00,109.1810073852539
2007-07-17 00:00:00+00:00,109.12458038330078
2007-07-18 00:00:00+00:00,108.92715454101562
2007-07-19 00:00:00+00:00,109.3502426147461
2007-07-20 00:00:00+00:00,108.2431640625
2007-07-23 00:00:00+00:00,108.5745849609375
2007-07-24 00:00:00+00:00,106.69181823730469
2007-07-25 00:00:00+00:00,106.9103775024414
2007-07-26 00:00:00+00:00,104.37881469726562
2007-07-27 00:00:00+00:00,102.3267822265625
2007-07-30 00:00:00+00:00,103.92752838134766
2007-07-31 00:00:00+00:00,102.75695037841797
2007-08-01 00:00:00+00:00,103.25760650634766
2007-08-02 00:00:00+00:00,104.08264923095703
2007-08-03 00:00:00+00:00,101.40301513671875
2007-08-06 00:00:00+00:00,103.10247039794922
2007-08-07 00:00:00+00:00,104.2025146484375
2007-08-08 00:00:00+00:00,105.6551742553711
2007-08-09 00:00:00+00:00,102.5242691040039
2007-08-10 00:00:00+00:00,102.044677734375
2007-08-13 00:00:00+00:00,102.411376953125
2007-08-14 00:00:00+00:00,100.84593963623047
2007-08-15 00:00:00+00:00,99.45674896240234
2007-08-16 00:00:00+00:00,100.20429229736328
2007-08-17 00:00:00+00:00,102.044677734375
2007-08-20 00:00:00+00:00,101.99537658691406
2007-08-21 00:00:00+00:00,102.19988250732422
2007-08-22 00:00:00+00:00,103.4127197265625
2007-08-23 00:00:00+00:00,103.32112121582031
2007-08-24 00:00:00+00:00,104.59741973876953
2007-08-27 00:00:00+00:00,103.62425231933594
2007-08-28 00:00:00+00:00,101.34658813476562
2007-08-29 00:00:00+00:00,103.33516693115234
2007-08-30 00:00:00+00:00,103.06017303466797
2007-08-31 00:00:00+00:00,104.07560729980469
2007-09-04 00:00:00+00:00,105.12628936767578
2007-09-05 00:00:00+00:00,104.21663665771484
2007-09-06 00:00:00+00:00,104.45639038085938
2007-09-07 00:00:00+00:00,103.00371551513672
2007-09-10 00:00:00+00:00,102.80632019042969
2007-09-11 00:00:00+00:00,104.005126953125
2007-09-12 00:00:00+00:00,104.27303314208984
2007-09-13 00:00:00+00:00,105.00643157958984
2007-09-14 00:00:00+00:00,104.99937438964844
2007-09-17 00:00:00+00:00,104.43524932861328
2007-09-18 00:00:00+00:00,107.50977325439453
2007-09-19 00:00:00+00:00,108.14443969726562
2007-09-20 00:00:00+00:00,107.3828125
2007-09-21 00:00:00+00:00,107.672607421875
2007-09-24 00:00:00+00:00,107.4742431640625
2007-09-25 00:00:00+00:00,107.26168823242188
2007-09-26 00:00:00+00:00,107.82847595214844
2007-09-27 00:00:00+00:00,108.46617889404297
2007-09-28 00:00:00+00:00,108.10480499267578
2007-10-01 00:00:00+00:00,109.3234634399414
2007-10-02 00:00:00+00:00,109.17469024658203
2007-10-03 00:00:00+00:00,108.9550552368164
2007-10-04 00:00:00+00:00,109.1250991821289
2007-10-05 00:00:00+00:00,110.42162322998047
2007-10-08 00:00:00+00:00,109.8335952758789
2007-10-09 00:00:00+00:00,110.8680648803711
2007-10-10 00:00:00+00:00,110.683837890625
2007-10-11 00:00:00+00:00,110.15242767333984
2007-10-12 00:00:00+00:00,110.76167297363281
2007-10-15 00:00:00+00:00,109.82646942138672
2007-10-16 00:00:00+00:00,108.9550552368164
2007-10-17 00:00:00+00:00,109.28807067871094
2007-10-18 00:00:00+00:00,108.89120483398438
2007-10-19 00:00:00+00:00,106.04304504394531
2007-10-22 00:00:00+00:00,106.65943145751953
2007-10-23 00:00:00+00:00,107.52384948730469
2007-10-24 00:00:00+00:00,107.32543182373047
2007-10-25 00:00:00+00:00,107.58056640625
2007-10-26 00:00:00+00:00,108.8416519165039
2007-10-29 00:00:00+00:00,109.20301055908203
2007-10-30 00:00:00+00:00,108.44491577148438
2007-10-31 00:00:00+00:00,109.57141876220703
2007-11-01 00:00:00+00:00,107.00659942626953
2007-11-02 00:00:00+00:00,107.12705993652344
2007-11-05 00:00:00+00:00,106.31230926513672
2007-11-06 00:00:00+00:00,107.74349975585938
2007-11-07 00:00:00+00:00,104.79607391357422
2007-11-08 00:00:00+00:00,104.26467895507812
2007-11-09 00:00:00+00:00,102.83345794677734
2007-11-12 00:00:00+00:00,101.81324768066406
2007-11-13 00:00:00+00:00,104.91653442382812
2007-11-14 00:00:00+00:00,104.62596893310547
2007-11-15 00:00:00+00:00,103.11685943603516
2007-11-16 00:00:00+00:00,103.29400634765625
2007-11-19 00:00:00+00:00,101.85579681396484
2007-11-20 00:00:00+00:00,102.47921752929688
2007-11-21 00:00:00+00:00,100.38201904296875
2007-11-23 00:00:00+00:00,102.11785888671875
2007-11-26 00:00:00+00:00,99.86480712890625
2007-11-27 00:00:00+00:00,101.01260375976562
2007-11-28 00:00:00+00:00,104.24340057373047
2007-11-29 00:00:00+00:00,104.27883911132812
2007-11-30 00:00:00+00:00,105.32743072509766
2007-12-03 00:00:00+00:00,104.63312530517578
2007-12-04 00:00:00+00:00,103.69784545898438
2007-12-05 00:00:00+00:00,105.43372344970703
2007-12-06 00:00:00+00:00,106.94283294677734
2007-12-07 00:00:00+00:00,106.9216537475586
2007-12-10 00:00:00+00:00,107.75053405761719
2007-12-11 00:00:00+00:00,104.79607391357422
2007-12-12 00:00:00+00:00,105.83048248291016
2007-12-13 00:00:00+00:00,105.61084747314453
2007-12-14 00:00:00+00:00,104.27175903320312
2007-12-17 00:00:00+00:00,102.78388214111328
2007-12-18 00:00:00+00:00,103.35780334472656
2007-12-19 00:00:00+00:00,103.35780334472656
2007-12-20 00:00:00+00:00,104.00965118408203
2007-12-21 00:00:00+00:00,105.50892639160156
2007-12-24 00:00:00+00:00,106.29248809814453
2007-12-26 00:00:00+00:00,106.5203857421875
2007-12-27 00:00:00+00:00,105.18128967285156
2007-12-28 00:00:00+00:00,104.917724609375
2007-12-31 00:00:00+00:00,104.14136505126953
2008-01-02 00:00:00+00:00,103.22966766357422
2008-01-03 00:00:00+00:00,103.17981719970703
2008-01-04 00:00:00+00:00,100.6512680053711
2008-01-07 00:00:00+00:00,100.56578826904297
2008-01-08 00:00:00+00:00,98.94184112548828
2008-01-09 00:00:00+00:00,99.98168182373047
2008-01-10 00:00:00+00:00,100.63703155517578
2008-01-11 00:00:00+00:00,99.82498931884766
2008-01-14 00:00:00+00:00,100.62987518310547
2008-01-15 00:00:00+00:00,98.4146957397461
2008-01-16 00:00:00+00:00,97.56712341308594
2008-01-17 00:00:00+00:00,95.03853607177734
2008-01-18 00:00:00+00:00,94.0627212524414
2008-01-22 00:00:00+00:00,93.10824584960938
2008-01-23 00:00:00+00:00,95.34481048583984
2008-01-24 00:00:00+00:00,96.14971160888672
2008-01-25 00:00:00+00:00,94.7607192993164
2008-01-28 00:00:00+00:00,96.32774353027344
2008-01-29 00:00:00+00:00,96.80496978759766
2008-01-30 00:00:00+00:00,96.09271240234375
2008-01-31 00:00:00+00:00,97.84490203857422
2008-02-01 00:00:00+00:00,99.41903686523438
2008-02-04 00:00:00+00:00,98.1654281616211
2008-02-05 00:00:00+00:00,95.53712463378906
2008-02-06 00:00:00+00:00,94.76789093017578
2008-02-07 00:00:00+00:00,95.39464569091797
2008-02-08 00:00:00+00:00,94.7821273803711
2008-02-11 00:00:00+00:00,95.2664566040039
2008-02-12 00:00:00+00:00,96.14971160888672
2008-02-13 00:00:00+00:00,97.13262939453125
2008-02-14 00:00:00+00:00,96.27787780761719
2008-02-15 00:00:00+00:00,96.25652313232422
2008-02-19 00:00:00+00:00,96.52721405029297
2008-02-20 00:00:00+00:00,96.81208038330078
2008-02-21 00:00:00+00:00,96.00723266601562
2008-02-22 00:00:00+00:00,96.5983657836914
2008-02-25 00:00:00+00:00,97.81640625
2008-02-26 00:00:00+00:00,98.5500717163086
2008-02-27 00:00:00+00:00,98.4503402709961
2008-02-28 00:00:00+00:00,97.48873901367188
2008-02-29 00:00:00+00:00,95.31631469726562
2008-03-03 00:00:00+00:00,95.08838653564453
2008-03-04 00:00:00+00:00,94.72512817382812
2008-03-05 00:00:00+00:00,95.32344055175781
2008-03-06 00:00:00+00:00,93.3504409790039
2008-03-07 00:00:00+00:00,92.3888931274414
2008-03-10 00:00:00+00:00,91.17091369628906
2008-03-11 00:00:00+00:00,94.44738006591797
2008-03-12 00:00:00+00:00,93.56413269042969
2008-03-13 00:00:00+00:00,93.77067565917969
2008-03-14 00:00:00+00:00,92.31765747070312
2008-03-17 00:00:00+00:00,91.38455200195312
2008-03-18 00:00:00+00:00,95.18099975585938
2008-03-19 00:00:00+00:00,92.82337188720703
2008-03-20 00:00:00+00:00,94.5427017211914
2008-03-24 00:00:00+00:00,96.43245697021484
2008-03-25 00:00:00+00:00,96.5254898071289
2008-03-26 00:00:00+00:00,95.34442138671875
2008-03-27 00:00:00+00:00,95.04378509521484
2008-03-28 00:00:00+00:00,94.13470458984375
2008-03-31 00:00:00+00:00,94.46400451660156
2008-04-01 00:00:00+00:00,97.78528594970703
2008-04-02 00:00:00+00:00,97.84972381591797
2008-04-03 00:00:00+00:00,98.09307861328125
2008-04-04 00:00:00+00:00,97.98573303222656
2008-04-07 00:00:00+00:00,98.03582000732422
2008-04-08 00:00:00+00:00,97.93559265136719
2008-04-09 00:00:00+00:00,97.22697448730469
2008-04-10 00:00:00+00:00,97.36298370361328
2008-04-11 00:00:00+00:00,95.47325897216797
2008-04-14 00:00:00+00:00,95.1511459350586
2008-04-15 00:00:00+00:00,95.3730239868164
2008-04-16 00:00:00+00:00,97.95709991455078
2008-04-17 00:00:00+00:00,98.10025787353516
2008-04-18 00:00:00+00:00,99.12378692626953
2008-04-21 00:00:00+00:00,99.17393493652344
2008-04-22 00:00:00+00:00,98.73731994628906
2008-04-23 00:00:00+00:00,98.57979583740234
2008-04-24 00:00:00+00:00,99.00929260253906
2008-04-25 00:00:00+00:00,99.92552185058594
2008-04-28 00:00:00+00:00,99.94701385498047
2008-04-29 00:00:00+00:00,99.55331420898438
2008-04-30 00:00:00+00:00,98.96631622314453
2008-05-01 00:00:00+00:00,101.01354217529297
2008-05-02 00:00:00+00:00,101.29264068603516
2008-05-05 00:00:00+00:00,100.80596923828125
2008-05-06 00:00:00+00:00,101.67921447753906
2008-05-07 00:00:00+00:00,99.8682632446289
2008-05-08 00:00:00+00:00,99.61056518554688
2008-05-09 00:00:00+00:00,99.4244384765625
2008-05-12 00:00:00+00:00,100.54109191894531
2008-05-13 00:00:00+00:00,100.5554428100586
2008-05-14 00:00:00+00:00,100.76301574707031
2008-05-15 00:00:00+00:00,102.0228042602539
2008-05-16 00:00:00+00:00,102.11585235595703
2008-05-19 00:00:00+00:00,102.3950424194336
2008-05-20 00:00:00+00:00,101.564697265625
2008-05-21 00:00:00+00:00,99.84683227539062
2008-05-22 00:00:00+00:00,99.8611068725586
2008-05-23 00:00:00+00:00,98.52257537841797
2008-05-27 00:00:00+00:00,99.25267791748047
2008-05-28 00:00:00+00:00,99.71077728271484
2008-05-29 00:00:00+00:00,100.21185302734375
2008-05-30 00:00:00+00:00,100.4623794555664
2008-06-02 00:00:00+00:00,99.4244384765625
2008-06-03 00:00:00+00:00,98.84465026855469
2008-06-04 00:00:00+00:00,98.79460144042969
2008-06-05 00:00:00+00:00,100.77018737792969
2008-06-06 00:00:00+00:00,97.55623626708984
2008-06-09 00:00:00+00:00,97.7924575805664
2008-06-10 00:00:00+00:00,97.30572509765625
2008-06-11 00:00:00+00:00,95.87407684326172
2008-06-12 00:00:00+00:00,96.23918914794922
2008-06-13 00:00:00+00:00,97.45600128173828
2008-06-16 00:00:00+00:00,97.5133056640625
2008-06-17 00:00:00+00:00,97.04084014892578
2008-06-18 00:00:00+00:00,96.09602355957031
2008-06-19 00:00:00+00:00,96.21768188476562
2008-06-20 00:00:00+00:00,94.6559066772461
2008-06-23 00:00:00+00:00,94.56240844726562
2008-06-24 00:00:00+00:00,94.3753890991211
2008-06-25 00:00:00+00:00,94.82136535644531
2008-06-26 00:00:00+00:00,92.24600982666016
2008-06-27 00:00:00+00:00,91.74244689941406
2008-06-30 00:00:00+00:00,92.06615447998047
2008-07-01 00:00:00+00:00,92.35389709472656
2008-07-02 00:00:00+00:00,90.77124786376953
2008-07-03 00:00:00+00:00,90.86479949951172
2008-07-07 00:00:00+00:00,89.93677520751953
2008-07-08 00:00:00+00:00,91.5337905883789
2008-07-09 00:00:00+00:00,89.77131652832031
2008-07-10 00:00:00+00:00,90.13822937011719
2008-07-11 00:00:00+00:00,89.08790588378906
2008-07-14 00:00:00+00:00,88.2822036743164
2008-07-15 00:00:00+00:00,87.03767395019531
2008-07-16 00:00:00+00:00,89.17424774169922
2008-07-17 00:00:00+00:00,90.06626892089844
2008-07-18 00:00:00+00:00,90.62740325927734
2008-07-21 00:00:00+00:00,90.67771911621094
2008-07-22 00:00:00+00:00,91.70646667480469
2008-07-23 00:00:00+00:00,92.20283508300781
2008-07-24 00:00:00+00:00,90.28931427001953
2008-07-25 00:00:00+00:00,90.2677001953125
2008-07-28 00:00:00+00:00,88.9440689086914
2008-07-29 00:00:00+00:00,90.84320831298828
2008-07-30 00:00:00+00:00,92.4618148803711
2008-07-31 00:00:00+00:00,91.2388687133789
2008-08-01 00:00:00+00:00,90.75688934326172
2008-08-04 00:00:00+00:00,89.91516876220703
2008-08-05 00:00:00+00:00,92.3395004272461
2008-08-06 00:00:00+00:00,92.74956512451172
2008-08-07 00:00:00+00:00,91.36834716796875
2008-08-08 00:00:00+00:00,93.06608581542969
2008-08-11 00:00:00+00:00,94.03006744384766
2008-08-12 00:00:00+00:00,93.05168914794922
2008-08-13 00:00:00+00:00,92.4905776977539
2008-08-14 00:00:00+00:00,93.18836975097656
2008-08-15 00:00:00+00:00,93.64159393310547
2008-08-18 00:00:00+00:00,92.36112976074219
2008-08-19 00:00:00+00:00,91.35395050048828
2008-08-20 00:00:00+00:00,91.77839660644531
2008-08-21 00:00:00+00:00,91.9366683959961
2008-08-22 00:00:00+00:00,93.26751708984375
2008-08-25 00:00:00+00:00,91.37554931640625
2008-08-26 00:00:00+00:00,91.64169311523438
2008-08-27 00:00:00+00:00,92.53377532958984
2008-08-28 00:00:00+00:00,93.65596771240234
2008-08-29 00:00:00+00:00,92.64884948730469
2008-09-02 00:00:00+00:00,92.07332611083984
2008-09-03 00:00:00+00:00,91.99422454833984
2008-09-04 00:00:00+00:00,89.22460174560547
2008-09-05 00:00:00+00:00,89.50517272949219
2008-09-08 00:00:00+00:00,91.35395050048828
2008-09-09 00:00:00+00:00,88.64192199707031
2008-09-10 00:00:00+00:00,89.00161743164062
2008-09-11 00:00:00+00:00,90.28931427001953
2008-09-12 00:00:00+00:00,90.7065200805664
2008-09-15 00:00:00+00:00,86.3902359008789
2008-09-16 00:00:00+00:00,87.83619689941406
2008-09-17 00:00:00+00:00,83.88678741455078
2008-09-18 00:00:00+00:00,86.3758544921875
2008-09-19 00:00:00+00:00,89.80618286132812
2008-09-22 00:00:00+00:00,87.77302551269531
2008-09-23 00:00:00+00:00,85.77604675292969
2008-09-24 00:00:00+00:00,86.05096435546875
2008-09-25 00:00:00+00:00,87.39679718017578
2008-09-26 00:00:00+00:00,87.44021606445312
2008-09-29 00:00:00+00:00,80.58824920654297
2008-09-30 00:00:00+00:00,83.92377471923828
2008-10-01 00:00:00+00:00,83.97443389892578
2008-10-02 00:00:00+00:00,80.92826843261719
2008-10-03 00:00:00+00:00,79.83575439453125
2008-10-06 00:00:00+00:00,75.76941680908203
2008-10-07 00:00:00+00:00,72.37601470947266
2008-10-08 00:00:00+00:00,70.55271911621094
2008-10-09 00:00:00+00:00,65.62538146972656
2008-10-10 00:00:00+00:00,64.03356170654297
2008-10-13 00:00:00+00:00,73.33111572265625
2008-10-14 00:00:00+00:00,72.24580383300781
2008-10-15 00:00:00+00:00,65.13333892822266
2008-10-16 00:00:00+00:00,67.84661865234375
2008-10-17 00:00:00+00:00,67.44147491455078
2008-10-20 00:00:00+00:00,71.49329376220703
2008-10-21 00:00:00+00:00,69.35884094238281
2008-10-22 00:00:00+00:00,65.5819320678711
2008-10-23 00:00:00+00:00,66.3416748046875
2008-10-24 00:00:00+00:00,62.97721862792969
2008-10-27 00:00:00+00:00,60.741455078125
2008-10-28 00:00:00+00:00,67.83940124511719
2008-10-29 00:00:00+00:00,67.34739685058594
2008-10-30 00:00:00+00:00,69.67718505859375
2008-10-31 00:00:00+00:00,70.06070709228516
2008-11-03 00:00:00+00:00,70.26327514648438
2008-11-04 00:00:00+00:00,72.65094757080078
2008-11-05 00:00:00+00:00,69.59760284423828
2008-11-06 00:00:00+00:00,65.74114990234375
2008-11-07 00:00:00+00:00,67.91181182861328
2008-11-10 00:00:00+00:00,67.02181243896484
2008-11-11 00:00:00+00:00,64.95244598388672
2008-11-12 00:00:00+00:00,62.094459533691406
2008-11-13 00:00:00+00:00,65.96543884277344
2008-11-14 00:00:00+00:00,62.6733283996582
2008-11-17 00:00:00+00:00,61.84121322631836
2008-11-18 00:00:00+00:00,63.00615692138672
2008-11-19 00:00:00+00:00,58.968780517578125
2008-11-20 00:00:00+00:00,54.59131622314453
2008-11-21 00:00:00+00:00,57.536155700683594
2008-11-24 00:00:00+00:00,61.52286148071289
2008-11-25 00:00:00+00:00,61.97871398925781
2008-11-26 00:00:00+00:00,64.3736343383789
2008-11-28 00:00:00+00:00,65.18399810791016
2008-12-01 00:00:00+00:00,59.41011428833008
2008-12-02 00:00:00+00:00,61.69655227661133
2008-12-03 00:00:00+00:00,63.179805755615234
2008-12-04 00:00:00+00:00,61.718238830566406
2008-12-05 00:00:00+00:00,63.62115478515625
2008-12-08 00:00:00+00:00,65.84244537353516
2008-12-09 00:00:00+00:00,64.75711059570312
2008-12-10 00:00:00+00:00,65.198486328125
2008-12-11 00:00:00+00:00,63.62837219238281
2008-12-12 00:00:00+00:00,64.38809967041016
2008-12-15 00:00:00+00:00,63.490909576416016
2008-12-16 00:00:00+00:00,66.47913360595703
2008-12-17 00:00:00+00:00,65.83521270751953
2008-12-18 00:00:00+00:00,64.60515594482422
2008-12-19 00:00:00+00:00,64.3272705078125
2008-12-22 00:00:00+00:00,63.503028869628906
2008-12-23 00:00:00+00:00,62.84653854370117
2008-12-24 00:00:00+00:00,63.21127700805664
2008-12-26 00:00:00+00:00,63.57596969604492
2008-12-29 00:00:00+00:00,63.393619537353516
2008-12-30 00:00:00+00:00,64.89622497558594
2008-12-31 00:00:00+00:00,65.82254028320312
2009-01-02 00:00:00+00:00,67.80654907226562
2009-01-05 00:00:00+00:00,67.72633361816406
2009-01-06 00:00:00+00:00,68.1785659790039
2009-01-07 00:00:00+00:00,66.13619995117188
2009-01-08 00:00:00+00:00,66.40607452392578
2009-01-09 00:00:00+00:00,64.98371124267578
2009-01-12 00:00:00+00:00,63.42279815673828
2009-01-13 00:00:00+00:00,63.53952407836914
2009-01-14 00:00:00+00:00,61.54087829589844
2009-01-15 00:00:00+00:00,61.56279754638672
2009-01-16 00:00:00+00:00,62.044193267822266
2009-01-20 00:00:00+00:00,58.76911163330078
2009-01-21 00:00:00+00:00,61.307472229003906
2009-01-22 00:00:00+00:00,60.35923385620117
2009-01-23 00:00:00+00:00,60.62183380126953
2009-01-26 00:00:00+00:00,61.037559509277344
2009-01-27 00:00:00+00:00,61.65757369995117
2009-01-28 00:00:00+00:00,63.74371337890625
2009-01-29 00:00:00+00:00,61.67218780517578
2009-01-30 00:00:00+00:00,60.417598724365234
2009-02-02 00:00:00+00:00,60.23523712158203
2009-02-03 00:00:00+00:00,61.08137512207031
2009-02-04 00:00:00+00:00,60.7823371887207
2009-02-05 00:00:00+00:00,61.68675994873047
2009-02-06 00:00:00+00:00,63.4446907043457
2009-02-09 00:00:00+00:00,63.53219223022461
2009-02-10 00:00:00+00:00,60.62183380126953
2009-02-11 00:00:00+00:00,60.9792594909668
2009-02-12 00:00:00+00:00,61.02302932739258
2009-02-13 00:00:00+00:00,60.36652755737305
2009-02-17 00:00:00+00:00,57.784420013427734
2009-02-18 00:00:00+00:00,57.64578628540039
2009-02-19 00:00:00+00:00,57.02580642700195
2009-02-20 00:00:00+00:00,56.471435546875
2009-02-23 00:00:00+00:00,54.45096206665039
2009-02-24 00:00:00+00:00,56.51522445678711
2009-02-25 00:00:00+00:00,56.07026290893555
2009-02-26 00:00:00+00:00,55.158504486083984
2009-02-27 00:00:00+00:00,53.9257926940918
2009-03-02 00:00:00+00:00,51.496795654296875
2009-03-03 00:00:00+00:00,51.110233306884766
2009-03-04 00:00:00+00:00,52.3210563659668
2009-03-05 00:00:00+00:00,50.183868408203125
2009-03-06 00:00:00+00:00,50.271400451660156
2009-03-09 00:00:00+00:00,49.68056869506836
2009-03-10 00:00:00+00:00,52.64199447631836
2009-03-11 00:00:00+00:00,52.984840393066406
2009-03-12 00:00:00+00:00,55.070987701416016
2009-03-13 00:00:00+00:00,55.50129318237305
2009-03-16 00:00:00+00:00,55.33354949951172
2009-03-17 00:00:00+00:00,57.02580642700195
2009-03-18 00:00:00+00:00,58.30226135253906
2009-03-19 00:00:00+00:00,57.58014678955078
2009-03-20 00:00:00+00:00,56.354042053222656
2009-03-23 00:00:00+00:00,60.40190505981445
2009-03-24 00:00:00+00:00,59.2117919921875
2009-03-25 00:00:00+00:00,59.836219787597656
2009-03-26 00:00:00+00:00,61.055702209472656
2009-03-27 00:00:00+00:00,59.95378494262695
2009-03-30 00:00:00+00:00,57.88209915161133
2009-03-31 00:00:00+00:00,58.41836929321289
2009-04-01 00:00:00+00:00,59.549720764160156
2009-04-02 00:00:00+00:00,61.29079818725586
2009-04-03 00:00:00+00:00,61.90056610107422
2009-04-06 00:00:00+00:00,61.41571044921875
2009-04-07 00:00:00+00:00,59.9831657409668
2009-04-08 00:00:00+00:00,60.629638671875
2009-04-09 00:00:00+00:00,63.03923797607422
2009-04-13 00:00:00+00:00,63.053951263427734
2009-04-14 00:00:00+00:00,61.9666633605957
2009-04-15 00:00:00+00:00,62.62781524658203
2009-04-16 00:00:00+00:00,63.546138763427734
2009-04-17 00:00:00+00:00,63.97227096557617
2009-04-20 00:00:00+00:00,61.29079818725586
2009-04-21 00:00:00+00:00,62.48827362060547
2009-04-22 00:00:00+00:00,62.10625076293945
2009-04-23 00:00:00+00:00,62.71599197387695
2009-04-24 00:00:00+00:00,63.6637077331543
2009-04-27 00:00:00+00:00,63.061283111572266
2009-04-28 00:00:00+00:00,62.86292266845703
2009-04-29 00:00:00+00:00,64.19995880126953
2009-04-30 00:00:00+00:00,64.22200775146484
2009-05-01 00:00:00+00:00,64.56730651855469
2009-05-04 00:00:00+00:00,66.76385498046875
2009-05-05 00:00:00+00:00,66.53611755371094
2009-05-06 00:00:00+00:00,67.68952941894531
2009-05-07 00:00:00+00:00,66.74916076660156
2009-05-08 00:00:00+00:00,68.30660247802734
2009-05-11 00:00:00+00:00,67.0283203125
2009-05-12 00:00:00+00:00,66.82998657226562
2009-05-13 00:00:00+00:00,65.14763641357422
2009-05-14 00:00:00+00:00,65.70594787597656
2009-05-15 00:00:00+00:00,65.16972351074219
2009-05-18 00:00:00+00:00,67.02098846435547
2009-05-19 00:00:00+00:00,66.94017028808594
2009-05-20 00:00:00+00:00,66.49205017089844
2009-05-21 00:00:00+00:00,65.53701782226562
2009-05-22 00:00:00+00:00,65.39739227294922
2009-05-26 00:00:00+00:00,67.07240295410156
2009-05-27 00:00:00+00:00,65.87496185302734
2009-05-28 00:00:00+00:00,66.79325103759766
2009-05-29 00:00:00+00:00,67.97602844238281
2009-06-01 00:00:00+00:00,69.62158203125
2009-06-02 00:00:00+00:00,69.68034362792969
2009-06-03 00:00:00+00:00,68.79881286621094
2009-06-04 00:00:00+00:00,69.44526672363281
2009-06-05 00:00:00+00:00,69.4599838256836
2009-06-08 00:00:00+00:00,69.1734619140625
2009-06-09 00:00:00+00:00,69.52607727050781
2009-06-10 00:00:00+00:00,69.34978485107422
2009-06-11 00:00:00+00:00,69.65831756591797
2009-06-12 00:00:00+00:00,69.84933471679688
2009-06-15 00:00:00+00:00,68.24781036376953
2009-06-16 00:00:00+00:00,67.32221221923828
2009-06-17 00:00:00+00:00,67.25607299804688
2009-06-18 00:00:00+00:00,67.74829864501953
2009-06-19 00:00:00+00:00,67.99799346923828
2009-06-22 00:00:00+00:00,65.95890045166016
2009-06-23 00:00:00+00:00,66.01066589355469
2009-06-24 00:00:00+00:00,66.57951354980469
2009-06-25 00:00:00+00:00,68.02754974365234
2009-06-26 00:00:00+00:00,67.85021209716797
2009-06-29 00:00:00+00:00,68.48558044433594
2009-06-30 00:00:00+00:00,67.93150329589844
2009-07-01 00:00:00+00:00,68.21221923828125
2009-07-02 00:00:00+00:00,66.3504867553711
2009-07-06 00:00:00+00:00,66.34310150146484
2009-07-07 00:00:00+00:00,65.0576171875
2009-07-08 00:00:00+00:00,65.01327514648438
2009-07-09 00:00:00+00:00,65.13885498046875
2009-07-10 00:00:00+00:00,64.98372650146484
2009-07-13 00:00:00+00:00,66.56473541259766
2009-07-14 00:00:00+00:00,66.9415054321289
2009-07-15 00:00:00+00:00,68.89929962158203
2009-07-16 00:00:00+00:00,68.78851318359375
2009-07-17 00:00:00+00:00,69.54206085205078
2009-07-20 00:00:00+00:00,70.28083038330078
2009-07-21 00:00:00+00:00,70.60590362548828
2009-07-22 00:00:00+00:00,70.59111785888672
2009-07-23 00:00:00+00:00,72.14998626708984
2009-07-24 00:00:00+00:00,72.44549560546875
2009-07-27 00:00:00+00:00,72.65970611572266
2009-07-28 00:00:00+00:00,72.3199234008789
2009-07-29 00:00:00+00:00,72.14257049560547
2009-07-30 00:00:00+00:00,72.89614868164062
2009-07-31 00:00:00+00:00,72.99957275390625
2009-08-03 00:00:00+00:00,74.20378112792969
2009-08-04 00:00:00+00:00,74.39585876464844
2009-08-05 00:00:00+00:00,74.18163299560547
2009-08-06 00:00:00+00:00,73.79747772216797
2009-08-07 00:00:00+00:00,74.76529693603516
2009-08-10 00:00:00+00:00,74.61012268066406
2009-08-11 00:00:00+00:00,73.67927551269531
2009-08-12 00:00:00+00:00,74.46976470947266
2009-08-13 00:00:00+00:00,75.03861236572266
2009-08-14 00:00:00+00:00,74.46236419677734
2009-08-17 00:00:00+00:00,72.63015747070312
2009-08-18 00:00:00+00:00,73.20643615722656
2009-08-19 00:00:00+00:00,73.84916687011719
2009-08-20 00:00:00+00:00,74.61012268066406
2009-08-21 00:00:00+00:00,76.07293701171875
2009-08-24 00:00:00+00:00,76.06555938720703
2009-08-25 00:00:00+00:00,76.21327209472656
2009-08-26 00:00:00+00:00,76.22069549560547
2009-08-27 00:00:00+00:00,76.39060974121094
2009-08-28 00:00:00+00:00,76.37582397460938
2009-08-31 00:00:00+00:00,75.69613647460938
2009-09-01 00:00:00+00:00,74.02650451660156
2009-09-02 00:00:00+00:00,73.74578857421875
2009-09-03 00:00:00+00:00,74.35894775390625
2009-09-04 00:00:00+00:00,75.40065002441406
2009-09-08 00:00:00+00:00,76.0507583618164
2009-09-09 00:00:00+00:00,76.63440704345703
2009-09-10 00:00:00+00:00,77.41753387451172
2009-09-11 00:00:00+00:00,77.40274047851562
2009-09-14 00:00:00+00:00,77.779541015625
2009-09-15 00:00:00+00:00,78.10462188720703
2009-09-16 00:00:00+00:00,79.28671264648438
2009-09-17 00:00:00+00:00,79.16846466064453
2009-09-18 00:00:00+00:00,79.21892547607422
2009-09-21 00:00:00+00:00,79.01848602294922
2009-09-22 00:00:00+00:00,79.47875213623047
2009-09-23 00:00:00+00:00,78.81810760498047
2009-09-24 00:00:00+00:00,77.94957733154297
2009-09-25 00:00:00+00:00,77.53388214111328
2009-09-28 00:00:00+00:00,78.9220199584961
2009-09-29 00:00:00+00:00,78.68449401855469
2009-09-30 00:00:00+00:00,78.3801040649414
2009-10-01 00:00:00+00:00,76.43528747558594
2009-10-02 00:00:00+00:00,76.07894897460938
2009-10-05 00:00:00+00:00,77.21473693847656
2009-10-06 00:00:00+00:00,78.32074737548828
2009-10-07 00:00:00+00:00,78.5360336303711
2009-10-08 00:00:00+00:00,79.13729095458984
2009-10-09 00:00:00+00:00,79.6197738647461
2009-10-12 00:00:00+00:00,79.93153381347656
2009-10-13 00:00:00+00:00,79.76824188232422
2009-10-14 00:00:00+00:00,81.14149475097656
2009-10-15 00:00:00+00:00,81.43842315673828
2009-10-16 00:00:00+00:00,80.82972717285156
2009-10-19 00:00:00+00:00,81.49783325195312
2009-10-20 00:00:00+00:00,81.06727600097656
2009-10-21 00:00:00+00:00,80.33979034423828
2009-10-22 00:00:00+00:00,81.15634155273438
2009-10-23 00:00:00+00:00,80.22847747802734
2009-10-26 00:00:00+00:00,79.35997009277344
2009-10-27 00:00:00+00:00,78.99622344970703
2009-10-28 00:00:00+00:00,77.50421142578125
2009-10-29 00:00:00+00:00,79.16696166992188
2009-10-30 00:00:00+00:00,76.87325286865234
2009-11-02 00:00:00+00:00,77.43737030029297
2009-11-03 00:00:00+00:00,77.68234252929688
2009-11-04 00:00:00+00:00,77.88280487060547
2009-11-05 00:00:00+00:00,79.31544494628906
2009-11-06 00:00:00+00:00,79.52325439453125
2009-11-09 00:00:00+00:00,81.33450317382812
2009-11-10 00:00:00+00:00,81.34934997558594
2009-11-11 00:00:00+00:00,81.76504516601562
2009-11-12 00:00:00+00:00,80.93365478515625
2009-11-13 00:00:00+00:00,81.37161254882812
2009-11-16 00:00:00+00:00,82.5519027709961
2009-11-17 00:00:00+00:00,82.64837646484375
2009-11-18 00:00:00+00:00,82.5964126586914
2009-11-19 00:00:00+00:00,81.52007293701172
2009-11-20 00:00:00+00:00,81.2305679321289
2009-11-23 00:00:00+00:00,82.26239776611328
2009-11-24 00:00:00+00:00,82.38859558105469
2009-11-25 00:00:00+00:00,82.67807006835938
2009-11-27 00:00:00+00:00,81.33450317382812
2009-11-30 00:00:00+00:00,81.60914611816406
2009-12-01 00:00:00+00:00,82.61870574951172
2009-12-02 00:00:00+00:00,82.5815658569336
2009-12-03 00:00:00+00:00,81.93577575683594
2009-12-04 00:00:00+00:00,82.40342712402344
2009-12-07 00:00:00+00:00,82.2772216796875
2009-12-08 00:00:00+00:00,81.36421966552734
2009-12-09 00:00:00+00:00,81.66854095458984
2009-12-10 00:00:00+00:00,82.12879180908203
2009-12-11 00:00:00+00:00,82.47766876220703
2009-12-14 00:00:00+00:00,83.04181671142578
2009-12-15 00:00:00+00:00,82.65580749511719
2009-12-16 00:00:00+00:00,82.7820053100586
2009-12-17 00:00:00+00:00,81.78730010986328
2009-12-18 00:00:00+00:00,82.25000762939453
2009-12-21 00:00:00+00:00,83.08589172363281
2009-12-22 00:00:00+00:00,83.38440704345703
2009-12-23 00:00:00+00:00,83.54859161376953
2009-12-24 00:00:00+00:00,83.94413757324219
2009-12-28 00:00:00+00:00,84.12325286865234
2009-12-29 00:00:00+00:00,84.00385284423828
2009-12-30 00:00:00+00:00,83.97396850585938
2009-12-31 00:00:00+00:00,83.16796112060547
2010-01-04 00:00:00+00:00,84.5784683227539
2010-01-05 00:00:00+00:00,84.80235290527344
2010-01-06 00:00:00+00:00,84.86209106445312
2010-01-07 00:00:00+00:00,85.22028350830078
2010-01-08 00:00:00+00:00,85.50391387939453
2010-01-11 00:00:00+00:00,85.6233139038086
2010-01-12 00:00:00+00:00,84.82476043701172
2010-01-13 00:00:00+00:00,85.54120635986328
2010-01-14 00:00:00+00:00,85.77257537841797
2010-01-15 00:00:00+00:00,84.8098373413086
2010-01-19 00:00:00+00:00,85.8696060180664
2010-01-20 00:00:00+00:00,84.99639892578125
2010-01-21 00:00:00+00:00,83.36203002929688
2010-01-22 00:00:00+00:00,81.50372314453125
2010-01-25 00:00:00+00:00,81.9216537475586
2010-01-26 00:00:00+00:00,81.57833862304688
2010-01-27 00:00:00+00:00,81.96640014648438
2010-01-28 00:00:00+00:00,81.02609252929688
2010-01-29 00:00:00+00:00,80.14545440673828
2010-02-01 00:00:00+00:00,81.39176940917969
2010-02-02 00:00:00+00:00,82.37688446044922
2010-02-03 00:00:00+00:00,81.96640014648438
2010-02-04 00:00:00+00:00,79.43646240234375
2010-02-05 00:00:00+00:00,79.60061645507812
2010-02-08 00:00:00+00:00,79.02598571777344
2010-02-09 00:00:00+00:00,80.01856231689453
2010-02-10 00:00:00+00:00,79.86183166503906
2010-02-11 00:00:00+00:00,80.69769287109375
2010-02-12 00:00:00+00:00,80.63056182861328
2010-02-16 00:00:00+00:00,81.89923858642578
2010-02-17 00:00:00+00:00,82.2873306274414
2010-02-18 00:00:00+00:00,82.77243041992188
2010-02-19 00:00:00+00:00,82.9440689086914
2010-02-22 00:00:00+00:00,82.958984375
2010-02-23 00:00:00+00:00,81.95149993896484
2010-02-24 00:00:00+00:00,82.70527648925781
2010-02-25 00:00:00+00:00,82.59331512451172
2010-02-26 00:00:00+00:00,82.64555358886719
2010-03-01 00:00:00+00:00,83.50379180908203
2010-03-02 00:00:00+00:00,83.73515319824219
2010-03-03 00:00:00+00:00,83.80980682373047
2010-03-04 00:00:00+00:00,84.06351470947266
2010-03-05 00:00:00+00:00,85.26507568359375
2010-03-08 00:00:00+00:00,85.28002166748047
2010-03-09 00:00:00+00:00,85.42179870605469
2010-03-10 00:00:00+00:00,85.8023910522461
2010-03-11 00:00:00+00:00,86.16064453125
2010-03-12 00:00:00+00:00,86.1680908203125
2010-03-15 00:00:00+00:00,86.19047546386719
2010-03-16 00:00:00+00:00,86.87708282470703
2010-03-17 00:00:00+00:00,87.39204406738281
2010-03-18 00:00:00+00:00,87.3472671508789
2010-03-19 00:00:00+00:00,86.90511322021484
2010-03-22 00:00:00+00:00,87.3697280883789
2010-03-23 00:00:00+00:00,87.98424530029297
2010-03-24 00:00:00+00:00,87.55708312988281
2010-03-25 00:00:00+00:00,87.4146957397461
2010-03-26 00:00:00+00:00,87.36225128173828
2010-03-29 00:00:00+00:00,87.91677856445312
2010-03-30 00:00:00+00:00,87.97675323486328
2010-03-31 00:00:00+00:00,87.67697143554688
2010-04-01 00:00:00+00:00,88.27648162841797
2010-04-05 00:00:00+00:00,88.99589538574219
2010-04-06 00:00:00+00:00,89.20573425292969
2010-04-07 00:00:00+00:00,88.69612121582031
2010-04-08 00:00:00+00:00,89.00341796875
2010-04-09 00:00:00+00:00,89.5879135131836
2010-04-12 00:00:00+00:00,89.73027038574219
2010-04-13 00:00:00+00:00,89.79774475097656
2010-04-14 00:00:00+00:00,90.81684112548828
2010-04-15 00:00:00+00:00,90.89180755615234
2010-04-16 00:00:00+00:00,89.44552612304688
2010-04-19 00:00:00+00:00,89.7827377319336
2010-04-20 00:00:00+00:00,90.5845718383789
2010-04-21 00:00:00+00:00,90.4197006225586
2010-04-22 00:00:00+00:00,90.68946075439453
2010-04-23 00:00:00+00:00,91.2814712524414
2010-04-26 00:00:00+00:00,90.936767578125
2010-04-27 00:00:00+00:00,88.78604888916016
2010-04-28 00:00:00+00:00,89.46050262451172
2010-04-29 00:00:00+00:00,90.56958770751953
2010-04-30 00:00:00+00:00,89.03336334228516
2010-05-03 00:00:00+00:00,90.18739318847656
2010-05-04 00:00:00+00:00,88.06663513183594
2010-05-05 00:00:00+00:00,87.5421142578125
2010-05-06 00:00:00+00:00,84.63451385498047
2010-05-07 00:00:00+00:00,83.37557220458984
2010-05-10 00:00:00+00:00,87.04749298095703
2010-05-11 00:00:00+00:00,86.80021667480469
2010-05-12 00:00:00+00:00,88.0141830444336
2010-05-13 00:00:00+00:00,86.92008972167969
2010-05-14 00:00:00+00:00,85.346435546875
2010-05-17 00:00:00+00:00,85.3913803100586
2010-05-18 00:00:00+00:00,84.22986602783203
2010-05-19 00:00:00+00:00,83.750244140625
2010-05-20 00:00:00+00:00,80.587890625
2010-05-21 00:00:00+00:00,81.76441955566406
2010-05-24 00:00:00+00:00,80.71528625488281
2010-05-25 00:00:00+00:00,80.79773712158203
2010-05-26 00:00:00+00:00,80.31062316894531
2010-05-27 00:00:00+00:00,83.0008773803711
2010-05-28 00:00:00+00:00,81.95926666259766
2010-06-01 00:00:00+00:00,80.58040618896484
2010-06-02 00:00:00+00:00,82.67864990234375
2010-06-03 00:00:00+00:00,82.96339416503906
2010-06-04 00:00:00+00:00,80.04834747314453
2010-06-07 00:00:00+00:00,79.05166625976562
2010-06-08 00:00:00+00:00,79.89847564697266
2010-06-09 00:00:00+00:00,79.47130584716797
2010-06-10 00:00:00+00:00,81.79438018798828
2010-06-11 00:00:00+00:00,82.19158935546875
2010-06-14 00:00:00+00:00,82.06416320800781
2010-06-15 00:00:00+00:00,83.93009185791016
2010-06-16 00:00:00+00:00,83.90013122558594
2010-06-17 00:00:00+00:00,84.03500366210938
2010-06-18 00:00:00+00:00,84.12612915039062
2010-06-21 00:00:00+00:00,83.88516998291016
2010-06-22 00:00:00+00:00,82.4997787475586
2010-06-23 00:00:00+00:00,82.24378967285156
2010-06-24 00:00:00+00:00,80.88095092773438
2010-06-25 00:00:00+00:00,81.2197494506836
2010-06-28 00:00:00+00:00,80.96379089355469
2010-06-29 00:00:00+00:00,78.46401977539062
2010-06-30 00:00:00+00:00,77.71861267089844
2010-07-01 00:00:00+00:00,77.37223815917969
2010-07-02 00:00:00+00:00,76.95059967041016
2010-07-06 00:00:00+00:00,77.45506286621094
2010-07-07 00:00:00+00:00,79.89459991455078
2010-07-08 00:00:00+00:00,80.68519592285156
2010-07-09 00:00:00+00:00,81.28755950927734
2010-07-12 00:00:00+00:00,81.34026336669922
2010-07-13 00:00:00+00:00,82.56754302978516
2010-07-14 00:00:00+00:00,82.56002044677734
2010-07-15 00:00:00+00:00,82.58262634277344
2010-07-16 00:00:00+00:00,80.3087387084961
2010-07-19 00:00:00+00:00,80.7830810546875
2010-07-20 00:00:00+00:00,81.6790542602539
2010-07-21 00:00:00+00:00,80.61740112304688
2010-07-22 00:00:00+00:00,82.41694641113281
2010-07-23 00:00:00+00:00,83.13227081298828
2010-07-26 00:00:00+00:00,83.99811553955078
2010-07-27 00:00:00+00:00,83.9905776977539
2010-07-28 00:00:00+00:00,83.44847869873047
2010-07-29 00:00:00+00:00,83.04190063476562
2010-07-30 00:00:00+00:00,83.02680206298828
2010-08-02 00:00:00+00:00,84.90165710449219
2010-08-03 00:00:00+00:00,84.49507904052734
2010-08-04 00:00:00+00:00,85.05976867675781
2010-08-05 00:00:00+00:00,84.96943664550781
2010-08-06 00:00:00+00:00,84.62309265136719
2010-08-09 00:00:00+00:00,85.07483673095703
2010-08-10 00:00:00+00:00,84.61553192138672
2010-08-11 00:00:00+00:00,82.29645538330078
2010-08-12 00:00:00+00:00,81.7920150756836
2010-08-13 00:00:00+00:00,81.55106353759766
2010-08-16 00:00:00+00:00,81.51344299316406
2010-08-17 00:00:00+00:00,82.51482391357422
2010-08-18 00:00:00+00:00,82.6654281616211
2010-08-19 00:00:00+00:00,81.22731018066406
2010-08-20 00:00:00+00:00,80.96379089355469
2010-08-23 00:00:00+00:00,80.6550521850586
2010-08-24 00:00:00+00:00,79.45785522460938
2010-08-25 00:00:00+00:00,79.76661682128906
2010-08-26 00:00:00+00:00,79.23204040527344
2010-08-27 00:00:00+00:00,80.45931243896484
2010-08-30 00:00:00+00:00,79.29225158691406
2010-08-31 00:00:00+00:00,79.29225158691406
2010-09-01 00:00:00+00:00,81.66400909423828
2010-09-02 00:00:00+00:00,82.42449951171875
2010-09-03 00:00:00+00:00,83.4936752319336
2010-09-07 00:00:00+00:00,82.55248260498047
2010-09-08 00:00:00+00:00,83.13227081298828
2010-09-09 00:00:00+00:00,83.5162353515625
2010-09-10 00:00:00+00:00,83.93788146972656
2010-09-13 00:00:00+00:00,84.87152099609375
2010-09-14 00:00:00+00:00,84.81884002685547
2010-09-15 00:00:00+00:00,85.142578125
2010-09-16 00:00:00+00:00,85.1200180053711
2010-09-17 00:00:00+00:00,85.1517562866211
2010-09-20 00:00:00+00:00,86.45381927490234
2010-09-21 00:00:00+00:00,86.27969360351562
2010-09-22 00:00:00+00:00,85.85577392578125
2010-09-23 00:00:00+00:00,85.15936279296875
2010-09-24 00:00:00+00:00,86.9155502319336
2010-09-27 00:00:00+00:00,86.49922943115234
2010-09-28 00:00:00+00:00,86.80198669433594
2010-09-29 00:00:00+00:00,86.65058898925781
2010-09-30 00:00:00+00:00,86.39324951171875
2010-10-01 00:00:00+00:00,86.75657653808594
2010-10-04 00:00:00+00:00,86.1056137084961
2010-10-05 00:00:00+00:00,87.83903503417969
2010-10-06 00:00:00+00:00,87.83145904541016
2010-10-07 00:00:00+00:00,87.72549438476562
2010-10-08 00:00:00+00:00,88.217529296875
2010-10-11 00:00:00+00:00,88.30079650878906
2010-10-12 00:00:00+00:00,88.57329559326172
2010-10-13 00:00:00+00:00,89.26216888427734
2010-10-14 00:00:00+00:00,88.91397094726562
2010-10-15 00:00:00+00:00,89.09564208984375
2010-10-18 00:00:00+00:00,89.53468322753906
2010-10-19 00:00:00+00:00,88.36136627197266
2010-10-20 00:00:00+00:00,89.22429656982422
2010-10-21 00:00:00+00:00,89.42112731933594
2010-10-22 00:00:00+00:00,89.58768463134766
2010-10-25 00:00:00+00:00,89.85260009765625
2010-10-26 00:00:00+00:00,89.86774444580078
2010-10-27 00:00:00+00:00,89.61035919189453
2010-10-28 00:00:00+00:00,89.6255111694336
2010-10-29 00:00:00+00:00,89.69363403320312
2010-11-01 00:00:00+00:00,89.72391510009766
2010-11-02 00:00:00+00:00,90.43547058105469
2010-11-03 00:00:00+00:00,90.79881286621094
2010-11-04 00:00:00+00:00,92.54741668701172
2010-11-05 00:00:00+00:00,92.89564514160156
2010-11-08 00:00:00+00:00,92.72154235839844
2010-11-09 00:00:00+00:00,92.05538940429688
2010-11-10 00:00:00+00:00,92.4262924194336
2010-11-11 00:00:00+00:00,92.07808685302734
2010-11-12 00:00:00+00:00,90.98805236816406
2010-11-15 00:00:00+00:00,90.85939025878906
2010-11-16 00:00:00+00:00,89.44384002685547
2010-11-17 00:00:00+00:00,89.4892578125
2010-11-18 00:00:00+00:00,90.80640411376953
2010-11-19 00:00:00+00:00,91.05619812011719
2010-11-22 00:00:00+00:00,90.98050689697266
2010-11-23 00:00:00+00:00,89.66333770751953
2010-11-24 00:00:00+00:00,90.98805236816406
2010-11-26 00:00:00+00:00,89.92829132080078
2010-11-29 00:00:00+00:00,90.2008056640625
2010-11-30 00:00:00+00:00,89.69363403320312
2010-12-01 00:00:00+00:00,91.60120391845703
2010-12-02 00:00:00+00:00,92.7745132446289
2010-12-03 00:00:00+00:00,93.02433013916016
2010-12-06 00:00:00+00:00,92.92588806152344
2010-12-07 00:00:00+00:00,92.97888946533203
2010-12-08 00:00:00+00:00,93.31951904296875
2010-12-09 00:00:00+00:00,93.68289184570312
2010-12-10 00:00:00+00:00,94.22791290283203
2010-12-13 00:00:00+00:00,94.28845977783203
2010-12-14 00:00:00+00:00,94.3717041015625
2010-12-15 00:00:00+00:00,93.94025421142578
2010-12-16 00:00:00+00:00,94.48527526855469
2010-12-17 00:00:00+00:00,94.58646392822266
2010-12-20 00:00:00+00:00,94.81477355957031
2010-12-21 00:00:00+00:00,95.41593170166016
2010-12-22 00:00:00+00:00,95.71268463134766
2010-12-23 00:00:00+00:00,95.57572937011719
2010-12-27 00:00:00+00:00,95.61372375488281
2010-12-28 00:00:00+00:00,95.7507553100586
2010-12-29 00:00:00+00:00,95.8192367553711
2010-12-30 00:00:00+00:00,95.66703033447266
2010-12-31 00:00:00+00:00,95.68987274169922
2011-01-03 00:00:00+00:00,96.67910766601562
2011-01-04 00:00:00+00:00,96.62586975097656
2011-01-05 00:00:00+00:00,97.12805938720703
2011-01-06 00:00:00+00:00,96.93780517578125
2011-01-07 00:00:00+00:00,96.74758911132812
2011-01-10 00:00:00+00:00,96.62586975097656
2011-01-11 00:00:00+00:00,96.96825408935547
2011-01-12 00:00:00+00:00,97.84337615966797
2011-01-13 00:00:00+00:00,97.68354034423828
2011-01-14 00:00:00+00:00,98.3912582397461
2011-01-18 00:00:00+00:00,98.55865478515625
2011-01-19 00:00:00+00:00,97.59224700927734
2011-01-20 00:00:00+00:00,97.4628677368164
2011-01-21 00:00:00+00:00,97.68354034423828
2011-01-24 00:00:00+00:00,98.23908996582031
2011-01-25 00:00:00+00:00,98.29231262207031
2011-01-26 00:00:00+00:00,98.67279815673828
2011-01-27 00:00:00+00:00,98.91629028320312
2011-01-28 00:00:00+00:00,97.18895721435547
2011-01-31 00:00:00+00:00,97.91944885253906
2011-02-01 00:00:00+00:00,99.48700714111328
2011-02-02 00:00:00+00:00,99.29679870605469
2011-02-03 00:00:00+00:00,99.5174789428711
2011-02-04 00:00:00+00:00,99.79899597167969
2011-02-07 00:00:00+00:00,100.42301177978516
2011-02-08 00:00:00+00:00,100.87956237792969
2011-02-09 00:00:00+00:00,100.65129852294922
2011-02-10 00:00:00+00:00,100.68933868408203
2011-02-11 00:00:00+00:00,101.29049682617188
2011-02-14 00:00:00+00:00,101.53395080566406
2011-02-15 00:00:00+00:00,101.21434783935547
2011-02-16 00:00:00+00:00,101.85359954833984
2011-02-17 00:00:00+00:00,102.1579360961914
2011-02-18 00:00:00+00:00,102.37104034423828
2011-02-22 00:00:00+00:00,100.31647491455078
2011-02-23 00:00:00+00:00,99.70008850097656
2011-02-24 00:00:00+00:00,99.63160705566406
2011-02-25 00:00:00+00:00,100.69696044921875
2011-02-28 00:00:00+00:00,101.32090759277344
2011-03-01 00:00:00+00:00,99.63160705566406
2011-03-02 00:00:00+00:00,99.84466552734375
2011-03-03 00:00:00+00:00,101.56441497802734
2011-03-04 00:00:00+00:00,100.80345153808594
2011-03-07 00:00:00+00:00,100.0120620727539
2011-03-08 00:00:00+00:00,100.88717651367188
2011-03-09 00:00:00+00:00,100.74256896972656
2011-03-10 00:00:00+00:00,98.87825775146484
2011-03-11 00:00:00+00:00,99.56311798095703
2011-03-14 00:00:00+00:00,98.96195983886719
2011-03-15 00:00:00+00:00,97.8281478881836
2011-03-16 00:00:00+00:00,96.01707458496094
2011-03-17 00:00:00+00:00,97.28785705566406
2011-03-18 00:00:00+00:00,97.6417007446289
2011-03-21 00:00:00+00:00,99.15493774414062
2011-03-22 00:00:00+00:00,98.81101989746094
2011-03-23 00:00:00+00:00,99.09380340576172
2011-03-24 00:00:00+00:00,100.04148864746094
2011-03-25 00:00:00+00:00,100.3471908569336
2011-03-28 00:00:00+00:00,100.10263061523438
2011-03-29 00:00:00+00:00,100.77517700195312
2011-03-30 00:00:00+00:00,101.47067260742188
2011-03-31 00:00:00+00:00,101.33309173583984
2011-04-01 00:00:00+00:00,101.76106262207031
2011-04-04 00:00:00+00:00,101.84514617919922
2011-04-05 00:00:00+00:00,101.82984924316406
2011-04-06 00:00:00+00:00,102.15083312988281
2011-04-07 00:00:00+00:00,101.89099884033203
2011-04-08 00:00:00+00:00,101.5394287109375
2011-04-11 00:00:00+00:00,101.2337417602539
2011-04-12 00:00:00+00:00,100.47713470458984
2011-04-13 00:00:00+00:00,100.46946716308594
2011-04-14 00:00:00+00:00,100.5458984375
2011-04-15 00:00:00+00:00,100.91275787353516
2011-04-18 00:00:00+00:00,99.78164672851562
2011-04-19 00:00:00+00:00,100.35482025146484
2011-04-20 00:00:00+00:00,101.72284698486328
2011-04-21 00:00:00+00:00,102.24256134033203
2011-04-25 00:00:00+00:00,102.13554382324219
2011-04-26 00:00:00+00:00,103.0144271850586
2011-04-27 00:00:00+00:00,103.68700408935547
2011-04-28 00:00:00+00:00,104.02327728271484
2011-04-29 00:00:00+00:00,104.26783752441406
2011-05-02 00:00:00+00:00,104.10733795166016
2011-05-03 00:00:00+00:00,103.73285675048828
2011-05-04 00:00:00+00:00,103.04500579833984
2011-05-05 00:00:00+00:00,102.11260986328125
2011-05-06 00:00:00+00:00,102.56355285644531
2011-05-09 00:00:00+00:00,102.96096801757812
2011-05-10 00:00:00+00:00,103.83985137939453
2011-05-11 00:00:00+00:00,102.74695587158203
2011-05-12 00:00:00+00:00,103.236083984375
2011-05-13 00:00:00+00:00,102.44125366210938
2011-05-16 00:00:00+00:00,101.79163360595703
2011-05-17 00:00:00+00:00,101.77635192871094
2011-05-18 00:00:00+00:00,102.68583679199219
2011-05-19 00:00:00+00:00,102.93037414550781
2011-05-20 00:00:00+00:00,102.11260986328125
2011-05-23 00:00:00+00:00,100.92801666259766
2011-05-24 00:00:00+00:00,100.8439712524414
2011-05-25 00:00:00+00:00,101.18023681640625
2011-05-26 00:00:00+00:00,101.64644622802734
2011-05-27 00:00:00+00:00,102.03618621826172
2011-05-31 00:00:00+00:00,103.09854125976562
2011-06-01 00:00:00+00:00,100.78282165527344
2011-06-02 00:00:00+00:00,100.67581176757812
2011-06-03 00:00:00+00:00,99.6746597290039
2011-06-06 00:00:00+00:00,98.61994934082031
2011-06-07 00:00:00+00:00,98.55884552001953
2011-06-08 00:00:00+00:00,98.14608001708984
2011-06-09 00:00:00+00:00,98.89510345458984
2011-06-10 00:00:00+00:00,97.5194320678711
2011-06-13 00:00:00+00:00,97.5958251953125
2011-06-14 00:00:00+00:00,98.833984375
2011-06-15 00:00:00+00:00,97.07615661621094
2011-06-16 00:00:00+00:00,97.29016876220703
2011-06-17 00:00:00+00:00,97.58047485351562
2011-06-20 00:00:00+00:00,98.07969665527344
2011-06-21 00:00:00+00:00,99.42378234863281
2011-06-22 00:00:00+00:00,98.82469940185547
2011-06-23 00:00:00+00:00,98.54051971435547
2011-06-24 00:00:00+00:00,97.39616394042969
2011-06-27 00:00:00+00:00,98.26404571533203
2011-06-28 00:00:00+00:00,99.54667663574219
2011-06-29 00:00:00+00:00,100.39920806884766
2011-06-30 00:00:00+00:00,101.35929107666016
2011-07-01 00:00:00+00:00,102.85698699951172
2011-07-05 00:00:00+00:00,102.7724838256836
2011-07-06 00:00:00+00:00,102.8954086303711
2011-07-07 00:00:00+00:00,103.96298217773438
2011-07-08 00:00:00+00:00,103.2256088256836
2011-07-11 00:00:00+00:00,101.35929107666016
2011-07-12 00:00:00+00:00,100.92147064208984
2011-07-13 00:00:00+00:00,101.25946807861328
2011-07-14 00:00:00+00:00,100.56049346923828
2011-07-15 00:00:00+00:00,101.14422607421875
2011-07-18 00:00:00+00:00,100.31472778320312
2011-07-19 00:00:00+00:00,101.94300079345703
2011-07-20 00:00:00+00:00,101.88155364990234
2011-07-21 00:00:00+00:00,103.2947769165039
2011-07-22 00:00:00+00:00,103.36389923095703
2011-07-25 00:00:00+00:00,102.78787994384766
2011-07-26 00:00:00+00:00,102.40381622314453
2011-07-27 00:00:00+00:00,100.30704498291016
2011-07-28 00:00:00+00:00,100.01519775390625
2011-07-29 00:00:00+00:00,99.3316650390625
2011-08-01 00:00:00+00:00,98.90918731689453
2011-08-02 00:00:00+00:00,96.38232421875
2011-08-03 00:00:00+00:00,96.90460205078125
2011-08-04 00:00:00+00:00,92.36544036865234
2011-08-05 00:00:00+00:00,92.22720336914062
2011-08-08 00:00:00+00:00,86.22107696533203
2011-08-09 00:00:00+00:00,90.23027038574219
2011-08-10 00:00:00+00:00,86.24408721923828
2011-08-11 00:00:00+00:00,90.11508178710938
2011-08-12 00:00:00+00:00,90.7217788696289
2011-08-15 00:00:00+00:00,92.64192199707031
2011-08-16 00:00:00+00:00,91.8508529663086
2011-08-17 00:00:00+00:00,91.91230773925781
2011-08-18 00:00:00+00:00,87.94914245605469
2011-08-19 00:00:00+00:00,86.51292419433594
2011-08-22 00:00:00+00:00,86.58204650878906
2011-08-23 00:00:00+00:00,89.43148040771484
2011-08-24 00:00:00+00:00,90.69107818603516
2011-08-25 00:00:00+00:00,89.3086166381836
2011-08-26 00:00:00+00:00,90.60660552978516
2011-08-29 00:00:00+00:00,93.21029663085938
2011-08-30 00:00:00+00:00,93.45606994628906
2011-08-31 00:00:00+00:00,93.87079620361328
2011-09-01 00:00:00+00:00,92.8876953125
2011-09-02 00:00:00+00:00,90.5144271850586
2011-09-06 00:00:00+00:00,89.85391235351562
2011-09-07 00:00:00+00:00,92.38849639892578
2011-09-08 00:00:00+00:00,91.42842864990234
2011-09-09 00:00:00+00:00,89.03209686279297
2011-09-12 00:00:00+00:00,89.608154296875
2011-09-13 00:00:00+00:00,90.42996978759766
2011-09-14 00:00:00+00:00,91.68189239501953
2011-09-15 00:00:00+00:00,93.26407623291016
2011-09-16 00:00:00+00:00,93.8160629272461
2011-09-19 00:00:00+00:00,92.88188934326172
2011-09-20 00:00:00+00:00,92.7737808227539
2011-09-21 00:00:00+00:00,90.04084014892578
2011-09-22 00:00:00+00:00,87.1303482055664
2011-09-23 00:00:00+00:00,87.65530395507812
2011-09-26 00:00:00+00:00,89.7397689819336
2011-09-27 00:00:00+00:00,90.74337768554688
2011-09-28 00:00:00+00:00,88.89054107666016
2011-09-29 00:00:00+00:00,89.59306335449219
2011-09-30 00:00:00+00:00,87.3542251586914
2011-10-03 00:00:00+00:00,84.86835479736328
2011-10-04 00:00:00+00:00,86.72888946533203
2011-10-05 00:00:00+00:00,88.33468627929688
2011-10-06 00:00:00+00:00,89.93277740478516
2011-10-07 00:00:00+00:00,89.33059692382812
2011-10-10 00:00:00+00:00,92.31831359863281
2011-10-11 00:00:00+00:00,92.41095733642578
2011-10-12 00:00:00+00:00,93.22159576416016
2011-10-13 00:00:00+00:00,93.03631591796875
2011-10-14 00:00:00+00:00,94.6266860961914
2011-10-17 00:00:00+00:00,92.82012939453125
2011-10-18 00:00:00+00:00,94.63440704345703
2011-10-19 00:00:00+00:00,93.51494598388672
2011-10-20 00:00:00+00:00,93.92411804199219
2011-10-21 00:00:00+00:00,95.70751190185547
2011-10-24 00:00:00+00:00,96.8809814453125
2011-10-25 00:00:00+00:00,94.99723052978516
2011-10-26 00:00:00+00:00,95.96223449707031
2011-10-27 00:00:00+00:00,99.30510711669922
2011-10-28 00:00:00+00:00,99.28195190429688
2011-10-31 00:00:00+00:00,96.88870239257812
2011-11-01 00:00:00+00:00,94.18663787841797
2011-11-02 00:00:00+00:00,95.72294616699219
2011-11-03 00:00:00+00:00,97.46771240234375
2011-11-04 00:00:00+00:00,96.87325286865234
2011-11-07 00:00:00+00:00,97.47541809082031
2011-11-08 00:00:00+00:00,98.72608947753906
2011-11-09 00:00:00+00:00,95.08219146728516
2011-11-10 00:00:00+00:00,95.97769165039062
2011-11-11 00:00:00+00:00,97.78422546386719
2011-11-14 00:00:00+00:00,96.85781860351562
2011-11-15 00:00:00+00:00,97.33647155761719
2011-11-16 00:00:00+00:00,95.79241180419922
2011-11-17 00:00:00+00:00,94.27153015136719
2011-11-18 00:00:00+00:00,94.17118072509766
2011-11-21 00:00:00+00:00,92.3801040649414
2011-11-22 00:00:00+00:00,92.01725006103516
2011-11-23 00:00:00+00:00,89.98682403564453
2011-11-25 00:00:00+00:00,89.81694030761719
2011-11-28 00:00:00+00:00,92.418701171875
2011-11-29 00:00:00+00:00,92.68116760253906
2011-11-30 00:00:00+00:00,96.4949722290039
2011-12-01 00:00:00+00:00,96.47949981689453
2011-12-02 00:00:00+00:00,96.39458465576172
2011-12-05 00:00:00+00:00,97.4445571899414
2011-12-06 00:00:00+00:00,97.47541809082031
2011-12-07 00:00:00+00:00,97.83826446533203
2011-12-08 00:00:00+00:00,95.6920166015625
2011-12-09 00:00:00+00:00,97.31332397460938
2011-12-12 00:00:00+00:00,95.89277648925781
2011-12-13 00:00:00+00:00,94.99723052978516
2011-12-14 00:00:00+00:00,93.98589324951172
2011-12-15 00:00:00+00:00,94.3255844116211
2011-12-16 00:00:00+00:00,94.4654312133789
2011-12-19 00:00:00+00:00,93.4554672241211
2011-12-20 00:00:00+00:00,96.2834243774414
2011-12-21 00:00:00+00:00,96.46992492675781
2011-12-22 00:00:00+00:00,97.32449340820312
2011-12-23 00:00:00+00:00,98.19463348388672
2011-12-27 00:00:00+00:00,98.27230072021484
2011-12-28 00:00:00+00:00,96.98262023925781
2011-12-29 00:00:00+00:00,97.98486328125
2011-12-30 00:00:00+00:00,97.50318145751953
2012-01-03 00:00:00+00:00,99.0570068359375
2012-01-04 00:00:00+00:00,99.21236419677734
2012-01-05 00:00:00+00:00,99.47655487060547
2012-01-06 00:00:00+00:00,99.22017669677734
2012-01-09 00:00:00+00:00,99.46101379394531
2012-01-10 00:00:00+00:00,100.32339477539062
2012-01-11 00:00:00+00:00,100.37777709960938
2012-01-12 00:00:00+00:00,100.61860656738281
2012-01-13 00:00:00+00:00,100.09809875488281
2012-01-17 00:00:00+00:00,100.48653411865234
2012-01-18 00:00:00+00:00,101.59754180908203
2012-01-19 00:00:00+00:00,102.13359832763672
2012-01-20 00:00:00+00:00,102.5143051147461
2012-01-23 00:00:00+00:00,102.25015258789062
2012-01-24 00:00:00+00:00,102.13359832763672
2012-01-25 00:00:00+00:00,102.98821258544922
2012-01-26 00:00:00+00:00,102.45989990234375
2012-01-27 00:00:00+00:00,102.41332244873047
2012-01-30 00:00:00+00:00,102.06370544433594
2012-01-31 00:00:00+00:00,102.02482604980469
2012-02-01 00:00:00+00:00,102.91825866699219
2012-02-02 00:00:00+00:00,103.08145904541016
2012-02-03 00:00:00+00:00,104.52652740478516
2012-02-06 00:00:00+00:00,104.45661926269531
2012-02-07 00:00:00+00:00,104.72073364257812
2012-02-08 00:00:00+00:00,105.03150939941406
2012-02-09 00:00:00+00:00,105.16361236572266
2012-02-10 00:00:00+00:00,104.38668060302734
2012-02-13 00:00:00+00:00,105.16361236572266
2012-02-14 00:00:00+00:00,105.03150939941406
2012-02-15 00:00:00+00:00,104.54206085205078
2012-02-16 00:00:00+00:00,105.69967651367188
2012-02-17 00:00:00+00:00,105.97932434082031
2012-02-21 00:00:00+00:00,106.02597045898438
2012-02-22 00:00:00+00:00,105.68412780761719
2012-02-23 00:00:00+00:00,106.15026092529297
2012-02-24 00:00:00+00:00,106.38333892822266
2012-02-27 00:00:00+00:00,106.56200408935547
2012-02-28 00:00:00+00:00,106.87283325195312
2012-02-29 00:00:00+00:00,106.45326232910156
2012-03-01 00:00:00+00:00,107.00486755371094
2012-03-02 00:00:00+00:00,106.67855834960938
2012-03-05 00:00:00+00:00,106.24345397949219
2012-03-06 00:00:00+00:00,104.6896743774414
2012-03-07 00:00:00+00:00,105.41997528076172
2012-03-08 00:00:00+00:00,106.46875
2012-03-09 00:00:00+00:00,106.88057708740234
2012-03-12 00:00:00+00:00,106.8883285522461
2012-03-13 00:00:00+00:00,108.81509399414062
2012-03-14 00:00:00+00:00,108.69859313964844
2012-03-15 00:00:00+00:00,109.32784271240234
2012-03-16 00:00:00+00:00,109.47924041748047
2012-03-19 00:00:00+00:00,109.90847778320312
2012-03-20 00:00:00+00:00,109.58850860595703
2012-03-21 00:00:00+00:00,109.4090347290039
2012-03-22 00:00:00+00:00,108.62088775634766
2012-03-23 00:00:00+00:00,108.97203063964844
2012-03-26 00:00:00+00:00,110.50148010253906
2012-03-27 00:00:00+00:00,110.15814208984375
2012-03-28 00:00:00+00:00,109.61187744140625
2012-03-29 00:00:00+00:00,109.42462921142578
2012-03-30 00:00:00+00:00,109.877197265625
2012-04-02 00:00:00+00:00,110.68092346191406
2012-04-03 00:00:00+00:00,110.22835540771484
2012-04-04 00:00:00+00:00,109.13591766357422
2012-04-05 00:00:00+00:00,109.08130645751953
2012-04-09 00:00:00+00:00,107.85618591308594
2012-04-10 00:00:00+00:00,106.04580688476562
2012-04-11 00:00:00+00:00,106.90416717529297
2012-04-12 00:00:00+00:00,108.30095672607422
2012-04-13 00:00:00+00:00,107.01342010498047
2012-04-16 00:00:00+00:00,106.94319152832031
2012-04-17 00:00:00+00:00,108.5272445678711
2012-04-18 00:00:00+00:00,108.16049194335938
2012-04-19 00:00:00+00:00,107.46599578857422
2012-04-20 00:00:00+00:00,107.6454849243164
2012-04-23 00:00:00+00:00,106.74034881591797
2012-04-24 00:00:00+00:00,107.14608001708984
2012-04-25 00:00:00+00:00,108.6131362915039
2012-04-26 00:00:00+00:00,109.37002563476562
2012-04-27 00:00:00+00:00,109.5494613647461
2012-04-30 00:00:00+00:00,109.14370727539062
2012-05-01 00:00:00+00:00,109.8226089477539
2012-05-02 00:00:00+00:00,109.49488067626953
2012-05-03 00:00:00+00:00,108.659912109375
2012-05-04 00:00:00+00:00,106.90416717529297
2012-05-07 00:00:00+00:00,106.98222351074219
2012-05-08 00:00:00+00:00,106.55306243896484
2012-05-09 00:00:00+00:00,105.92096710205078
2012-05-10 00:00:00+00:00,106.13948059082031
2012-05-11 00:00:00+00:00,105.81951904296875
2012-05-14 00:00:00+00:00,104.64906311035156
2012-05-15 00:00:00+00:00,104.0481948852539
2012-05-16 00:00:00+00:00,103.65023040771484
2012-05-17 00:00:00+00:00,102.1130142211914
2012-05-18 00:00:00+00:00,101.23900604248047
2012-05-21 00:00:00+00:00,102.97915649414062
2012-05-22 00:00:00+00:00,103.15863800048828
2012-05-23 00:00:00+00:00,103.2132568359375
2012-05-24 00:00:00+00:00,103.4161376953125
2012-05-25 00:00:00+00:00,103.08059692382812
2012-05-29 00:00:00+00:00,104.32910919189453
2012-05-30 00:00:00+00:00,102.81526184082031
2012-05-31 00:00:00+00:00,102.5889663696289
2012-06-01 00:00:00+00:00,100.0061264038086
2012-06-04 00:00:00+00:00,99.95931243896484
2012-06-05 00:00:00+00:00,100.71623992919922
2012-06-06 00:00:00+00:00,102.97915649414062
2012-06-07 00:00:00+00:00,103.04156494140625
2012-06-08 00:00:00+00:00,103.86091613769531
2012-06-11 00:00:00+00:00,102.54219818115234
2012-06-12 00:00:00+00:00,103.72044372558594
2012-06-13 00:00:00+00:00,103.05720520019531
2012-06-14 00:00:00+00:00,104.14964294433594
2012-06-15 00:00:00+00:00,105.21482849121094
2012-06-18 00:00:00+00:00,105.41875457763672
2012-06-19 00:00:00+00:00,106.43838500976562
2012-06-20 00:00:00+00:00,106.26583099365234
2012-06-21 00:00:00+00:00,103.88142395019531
2012-06-22 00:00:00+00:00,104.68148803710938
2012-06-25 00:00:00+00:00,103.0029067993164
2012-06-26 00:00:00+00:00,103.52057647705078
2012-06-27 00:00:00+00:00,104.45398712158203
2012-06-28 00:00:00+00:00,104.15592956542969
2012-06-29 00:00:00+00:00,106.75214385986328
2012-07-02 00:00:00+00:00,107.07378387451172
2012-07-03 00:00:00+00:00,107.77970123291016
2012-07-05 00:00:00+00:00,107.29340362548828
2012-07-06 00:00:00+00:00,106.273681640625
2012-07-09 00:00:00+00:00,106.14035034179688
2012-07-10 00:00:00+00:00,105.21482849121094
2012-07-11 00:00:00+00:00,105.23050689697266
2012-07-12 00:00:00+00:00,104.72064971923828
2012-07-13 00:00:00+00:00,106.47763061523438
2012-07-16 00:00:00+00:00,106.22663116455078
2012-07-17 00:00:00+00:00,106.95613098144531
2012-07-18 00:00:00+00:00,107.74832153320312
2012-07-19 00:00:00+00:00,108.03068542480469
2012-07-20 00:00:00+00:00,107.04241943359375
2012-07-23 00:00:00+00:00,105.95995330810547
2012-07-24 00:00:00+00:00,105.05007934570312
2012-07-25 00:00:00+00:00,105.07366180419922
2012-07-26 00:00:00+00:00,106.80709075927734
2012-07-27 00:00:00+00:00,108.77581024169922
2012-07-30 00:00:00+00:00,108.77581024169922
2012-07-31 00:00:00+00:00,108.0150146484375
2012-08-01 00:00:00+00:00,107.92089080810547
2012-08-02 00:00:00+00:00,107.17569732666016
2012-08-03 00:00:00+00:00,109.30134582519531
2012-08-06 00:00:00+00:00,109.51313018798828
2012-08-07 00:00:00+00:00,110.06221771240234
2012-08-08 00:00:00+00:00,110.1955337524414
2012-08-09 00:00:00+00:00,110.2896728515625
2012-08-10 00:00:00+00:00,110.47007751464844
2012-08-13 00:00:00+00:00,110.41515350341797
2012-08-14 00:00:00+00:00,110.43083953857422
2012-08-15 00:00:00+00:00,110.5563735961914
2012-08-16 00:00:00+00:00,111.37208557128906
2012-08-17 00:00:00+00:00,111.52108001708984
2012-08-20 00:00:00+00:00,111.5289535522461
2012-08-21 00:00:00+00:00,111.19168090820312
2012-08-22 00:00:00+00:00,111.23876190185547
2012-08-23 00:00:00+00:00,110.32889556884766
2012-08-24 00:00:00+00:00,110.99556732177734
2012-08-27 00:00:00+00:00,111.01911163330078
2012-08-28 00:00:00+00:00,110.9092788696289
2012-08-29 00:00:00+00:00,110.99556732177734
2012-08-30 00:00:00+00:00,110.1955337524414
2012-08-31 00:00:00+00:00,110.7210693359375
2012-09-04 00:00:00+00:00,110.6191177368164
2012-09-05 00:00:00+00:00,110.5249252319336
2012-09-06 00:00:00+00:00,112.76828002929688
2012-09-07 00:00:00+00:00,113.20751190185547
2012-09-10 00:00:00+00:00,112.56433868408203
2012-09-11 00:00:00+00:00,112.87808227539062
2012-09-12 00:00:00+00:00,113.25460052490234
2012-09-13 00:00:00+00:00,114.98011016845703
2012-09-14 00:00:00+00:00,115.4900131225586
2012-09-17 00:00:00+00:00,115.09779357910156
2012-09-18 00:00:00+00:00,115.00370025634766
2012-09-19 00:00:00+00:00,115.0664291381836
2012-09-20 00:00:00+00:00,115.07431030273438
2012-09-21 00:00:00+00:00,115.02617645263672
2012-09-24 00:00:00+00:00,114.85273742675781
2012-09-25 00:00:00+00:00,113.63047790527344
2012-09-26 00:00:00+00:00,112.99169921875
2012-09-27 00:00:00+00:00,114.0562515258789
2012-09-28 00:00:00+00:00,113.52793884277344
2012-10-01 00:00:00+00:00,113.8276138305664
2012-10-02 00:00:00+00:00,113.9459228515625
2012-10-03 00:00:00+00:00,114.41112518310547
2012-10-04 00:00:00+00:00,115.23124694824219
2012-10-05 00:00:00+00:00,115.23908996582031
2012-10-08 00:00:00+00:00,114.84483337402344
2012-10-09 00:00:00+00:00,113.70932006835938
2012-10-10 00:00:00+00:00,112.98384094238281
2012-10-11 00:00:00+00:00,113.04692840576172
2012-10-12 00:00:00+00:00,112.67633819580078
2012-10-15 00:00:00+00:00,113.61463165283203
2012-10-16 00:00:00+00:00,114.76599884033203
2012-10-17 00:00:00+00:00,115.28641510009766
2012-10-18 00:00:00+00:00,114.98680114746094
2012-10-19 00:00:00+00:00,113.07061004638672
2012-10-22 00:00:00+00:00,113.08634948730469
2012-10-23 00:00:00+00:00,111.51712036132812
2012-10-24 00:00:00+00:00,111.20171356201172
2012-10-25 00:00:00+00:00,111.52503967285156
2012-10-26 00:00:00+00:00,111.46195220947266
2012-10-31 00:00:00+00:00,111.46195220947266
2012-11-01 00:00:00+00:00,112.62898254394531
2012-11-02 00:00:00+00:00,111.62753295898438
2012-11-05 00:00:00+00:00,111.85619354248047
2012-11-06 00:00:00+00:00,112.73147583007812
2012-11-07 00:00:00+00:00,110.17658233642578
2012-11-08 00:00:00+00:00,108.8518295288086
2012-11-09 00:00:00+00:00,108.9464340209961
2012-11-12 00:00:00+00:00,109.03323364257812
2012-11-13 00:00:00+00:00,108.6546859741211
2012-11-14 00:00:00+00:00,107.1879653930664
2012-11-15 00:00:00+00:00,107.00660705566406
2012-11-16 00:00:00+00:00,107.5349349975586
2012-11-19 00:00:00+00:00,109.71134185791016
2012-11-20 00:00:00+00:00,109.75868225097656
2012-11-21 00:00:00+00:00,109.96366119384766
2012-11-23 00:00:00+00:00,111.46195220947266
2012-11-26 00:00:00+00:00,111.22533416748047
2012-11-27 00:00:00+00:00,110.65762329101562
2012-11-28 00:00:00+00:00,111.54866027832031
2012-11-29 00:00:00+00:00,112.06909942626953
2012-11-30 00:00:00+00:00,112.09278106689453
2012-12-03 00:00:00+00:00,111.54077911376953
2012-12-04 00:00:00+00:00,111.38308715820312
2012-12-05 00:00:00+00:00,111.5802001953125
2012-12-06 00:00:00+00:00,111.9587173461914
2012-12-07 00:00:00+00:00,112.2978286743164
2012-12-10 00:00:00+00:00,112.34508514404297
2012-12-11 00:00:00+00:00,113.1099853515625
2012-12-12 00:00:00+00:00,113.16520690917969
2012-12-13 00:00:00+00:00,112.47127532958984
2012-12-14 00:00:00+00:00,112.05337524414062
2012-12-17 00:00:00+00:00,113.37025451660156
2012-12-18 00:00:00+00:00,114.63195037841797
2012-12-19 00:00:00+00:00,113.78028869628906
2012-12-20 00:00:00+00:00,114.43476104736328
2012-12-21 00:00:00+00:00,113.39604187011719
2012-12-24 00:00:00+00:00,113.04660034179688
2012-12-26 00:00:00+00:00,112.57015228271484
2012-12-27 00:00:00+00:00,112.41923522949219
2012-12-28 00:00:00+00:00,111.20419311523438
2012-12-31 00:00:00+00:00,113.09429931640625
2013-01-02 00:00:00+00:00,115.99288177490234
2013-01-03 00:00:00+00:00,115.7308349609375
2013-01-04 00:00:00+00:00,116.23904418945312
2013-01-07 00:00:00+00:00,115.92142486572266
2013-01-08 00:00:00+00:00,115.58788299560547
2013-01-09 00:00:00+00:00,115.8817367553711
2013-01-10 00:00:00+00:00,116.8029556274414
2013-01-11 00:00:00+00:00,116.79495239257812
2013-01-14 00:00:00+00:00,116.71558380126953
2013-01-15 00:00:00+00:00,116.79495239257812
2013-01-16 00:00:00+00:00,116.77906036376953
2013-01-17 00:00:00+00:00,117.53357696533203
2013-01-18 00:00:00+00:00,117.79557037353516
2013-01-22 00:00:00+00:00,118.430908203125
2013-01-23 00:00:00+00:00,118.62153625488281
2013-01-24 00:00:00+00:00,118.65325164794922
2013-01-25 00:00:00+00:00,119.32037353515625
2013-01-28 00:00:00+00:00,119.17742156982422
2013-01-29 00:00:00+00:00,119.64598083496094
2013-01-30 00:00:00+00:00,119.17742156982422
2013-01-31 00:00:00+00:00,118.88359069824219
2013-02-01 00:00:00+00:00,120.10664367675781
2013-02-04 00:00:00+00:00,118.75653076171875
2013-02-05 00:00:00+00:00,119.95568084716797
2013-02-06 00:00:00+00:00,120.04305267333984
2013-02-07 00:00:00+00:00,119.88419342041016
2013-02-08 00:00:00+00:00,120.55125427246094
2013-02-11 00:00:00+00:00,120.52745056152344
2013-02-12 00:00:00+00:00,120.72603607177734
2013-02-13 00:00:00+00:00,120.8292007446289
2013-02-14 00:00:00+00:00,120.94041442871094
2013-02-15 00:00:00+00:00,120.79747772216797
2013-02-19 00:00:00+00:00,121.70278930664062
2013-02-20 00:00:00+00:00,120.18597412109375
2013-02-21 00:00:00+00:00,119.45537567138672
2013-02-22 00:00:00+00:00,120.62276458740234
2013-02-25 00:00:00+00:00,118.32769012451172
2013-02-26 00:00:00+00:00,119.13768005371094
2013-02-27 00:00:00+00:00,120.63864135742188
2013-02-28 00:00:00+00:00,120.400390625
2013-03-01 00:00:00+00:00,120.79747772216797
2013-03-04 00:00:00+00:00,121.44070434570312
2013-03-05 00:00:00+00:00,122.52867126464844
2013-03-06 00:00:00+00:00,122.69544219970703
2013-03-07 00:00:00+00:00,122.91785430908203
2013-03-08 00:00:00+00:00,123.44198608398438
2013-03-11 00:00:00+00:00,123.91055297851562
2013-03-12 00:00:00+00:00,123.6325454711914
2013-03-13 00:00:00+00:00,123.8072738647461
2013-03-14 00:00:00+00:00,124.46641540527344
2013-03-15 00:00:00+00:00,124.3021469116211
2013-03-18 00:00:00+00:00,123.61608123779297
2013-03-19 00:00:00+00:00,123.32893371582031
2013-03-20 00:00:00+00:00,124.19036102294922
2013-03-21 00:00:00+00:00,123.12950897216797
2013-03-22 00:00:00+00:00,124.11860656738281
2013-03-25 00:00:00+00:00,123.60009002685547
2013-03-26 00:00:00+00:00,124.58926391601562
2013-03-27 00:00:00+00:00,124.58926391601562
2013-03-28 00:00:00+00:00,124.97212982177734
2013-04-01 00:00:00+00:00,124.47759246826172
2013-04-02 00:00:00+00:00,125.091796875
2013-04-03 00:00:00+00:00,123.82353210449219
2013-04-04 00:00:00+00:00,124.32601165771484
2013-04-05 00:00:00+00:00,123.76768493652344
2013-04-08 00:00:00+00:00,124.60523986816406
2013-04-09 00:00:00+00:00,125.03597259521484
2013-04-10 00:00:00+00:00,126.56754302978516
2013-04-11 00:00:00+00:00,126.98230743408203
2013-04-12 00:00:00+00:00,126.67118835449219
2013-04-15 00:00:00+00:00,123.73576354980469
2013-04-16 00:00:00+00:00,125.56244659423828
2013-04-17 00:00:00+00:00,123.72774505615234
2013-04-18 00:00:00+00:00,122.95402526855469
2013-04-19 00:00:00+00:00,124.02289581298828
2013-04-22 00:00:00+00:00,124.57325744628906
2013-04-23 00:00:00+00:00,125.85758972167969
2013-04-24 00:00:00+00:00,125.93734741210938
2013-04-25 00:00:00+00:00,126.4478530883789
2013-04-26 00:00:00+00:00,126.22451782226562
2013-04-29 00:00:00+00:00,127.07006072998047
2013-04-30 00:00:00+00:00,127.3731918334961
2013-05-01 00:00:00+00:00,126.25643920898438
2013-05-02 00:00:00+00:00,127.42900848388672
2013-05-03 00:00:00+00:00,128.7212371826172
2013-05-06 00:00:00+00:00,129.04832458496094
2013-05-07 00:00:00+00:00,129.7023468017578
2013-05-08 00:00:00+00:00,130.2926483154297
2013-05-09 00:00:00+00:00,129.9257049560547
2013-05-10 00:00:00+00:00,130.3484649658203
2013-05-13 00:00:00+00:00,130.4521942138672
2013-05-14 00:00:00+00:00,131.80027770996094
2013-05-15 00:00:00+00:00,132.51016235351562
2013-05-16 00:00:00+00:00,131.88803100585938
2013-05-17 00:00:00+00:00,133.1642608642578
2013-05-20 00:00:00+00:00,133.1562957763672
2013-05-21 00:00:00+00:00,133.3477325439453
2013-05-22 00:00:00+00:00,132.3585968017578
2013-05-23 00:00:00+00:00,131.97573852539062
2013-05-24 00:00:00+00:00,131.8640899658203
2013-05-28 00:00:00+00:00,132.65380859375
2013-05-29 00:00:00+00:00,131.7923126220703
2013-05-30 00:00:00+00:00,132.2788543701172
2013-05-31 00:00:00+00:00,130.38038635253906
2013-06-03 00:00:00+00:00,131.09835815429688
2013-06-04 00:00:00+00:00,130.46810913085938
2013-06-05 00:00:00+00:00,128.64146423339844
2013-06-06 00:00:00+00:00,129.8060302734375
2013-06-07 00:00:00+00:00,131.45726013183594
2013-06-10 00:00:00+00:00,131.45726013183594
2013-06-11 00:00:00+00:00,130.10122680664062
2013-06-12 00:00:00+00:00,129.0243682861328
2013-06-13 00:00:00+00:00,130.9866485595703
2013-06-14 00:00:00+00:00,130.16502380371094
2013-06-17 00:00:00+00:00,131.17013549804688
2013-06-18 00:00:00+00:00,132.20709228515625
2013-06-19 00:00:00+00:00,130.38038635253906
2013-06-20 00:00:00+00:00,127.14978790283203
2013-06-21 00:00:00+00:00,127.5579833984375
2013-06-24 00:00:00+00:00,125.94612121582031
2013-06-25 00:00:00+00:00,127.15704345703125
2013-06-26 00:00:00+00:00,128.416015625
2013-06-27 00:00:00+00:00,129.1698455810547
2013-06-28 00:00:00+00:00,128.64051818847656
2013-07-01 00:00:00+00:00,129.39431762695312
2013-07-02 00:00:00+00:00,129.27406311035156
2013-07-03 00:00:00+00:00,129.3302001953125
2013-07-05 00:00:00+00:00,130.72555541992188
2013-07-08 00:00:00+00:00,131.4712677001953
2013-07-09 00:00:00+00:00,132.41749572753906
2013-07-10 00:00:00+00:00,132.46563720703125
2013-07-11 00:00:00+00:00,134.26980590820312
2013-07-12 00:00:00+00:00,134.32601928710938
2013-07-15 00:00:00+00:00,134.8391571044922
2013-07-16 00:00:00+00:00,134.33396911621094
2013-07-17 00:00:00+00:00,134.67880249023438
2013-07-18 00:00:00+00:00,135.4165802001953
2013-07-19 00:00:00+00:00,135.65711975097656
2013-07-22 00:00:00+00:00,135.92181396484375
2013-07-23 00:00:00+00:00,135.633056640625
2013-07-24 00:00:00+00:00,135.13592529296875
2013-07-25 00:00:00+00:00,135.46469116210938
2013-07-26 00:00:00+00:00,135.6090545654297
2013-07-29 00:00:00+00:00,135.19207763671875
2013-07-30 00:00:00+00:00,135.19207763671875
2013-07-31 00:00:00+00:00,135.28831481933594
2013-08-01 00:00:00+00:00,136.85195922851562
2013-08-02 00:00:00+00:00,137.08448791503906
2013-08-05 00:00:00+00:00,136.88406372070312
2013-08-06 00:00:00+00:00,136.10621643066406
2013-08-07 00:00:00+00:00,135.66514587402344
2013-08-08 00:00:00+00:00,136.16232299804688
2013-08-09 00:00:00+00:00,135.76943969726562
2013-08-12 00:00:00+00:00,135.6090545654297
2013-08-13 00:00:00+00:00,136.00999450683594
2013-08-14 00:00:00+00:00,135.3123779296875
2013-08-15 00:00:00+00:00,133.4198455810547
2013-08-16 00:00:00+00:00,132.97879028320312
2013-08-19 00:00:00+00:00,132.12876892089844
2013-08-20 00:00:00+00:00,132.77833557128906
2013-08-21 00:00:00+00:00,131.9603729248047
2013-08-22 00:00:00+00:00,133.16323852539062
2013-08-23 00:00:00+00:00,133.61228942871094
2013-08-26 00:00:00+00:00,133.1151123046875
2013-08-27 00:00:00+00:00,130.9740447998047
2013-08-28 00:00:00+00:00,131.439208984375
2013-08-29 00:00:00+00:00,131.64761352539062
2013-08-30 00:00:00+00:00,131.23065185546875
2013-09-03 00:00:00+00:00,131.8240509033203
2013-09-04 00:00:00+00:00,132.91464233398438
2013-09-05 00:00:00+00:00,133.0830078125
2013-09-06 00:00:00+00:00,133.14718627929688
2013-09-09 00:00:00+00:00,134.42222595214844
2013-09-10 00:00:00+00:00,135.4165802001953
2013-09-11 00:00:00+00:00,135.8415985107422
2013-09-12 00:00:00+00:00,135.48069763183594
2013-09-13 00:00:00+00:00,135.7854461669922
2013-09-16 00:00:00+00:00,136.57135009765625
2013-09-17 00:00:00+00:00,137.18075561523438
2013-09-18 00:00:00+00:00,138.76849365234375
2013-09-19 00:00:00+00:00,138.53594970703125
2013-09-20 00:00:00+00:00,137.56732177734375
2013-09-23 00:00:00+00:00,136.93077087402344
2013-09-24 00:00:00+00:00,136.60848999023438
2013-09-25 00:00:00+00:00,136.21365356445312
2013-09-26 00:00:00+00:00,136.7374267578125
2013-09-27 00:00:00+00:00,136.10885620117188
2013-09-30 00:00:00+00:00,135.38365173339844
2013-10-01 00:00:00+00:00,136.45529174804688
2013-10-02 00:00:00+00:00,136.3264617919922
2013-10-03 00:00:00+00:00,135.0694122314453
2013-10-04 00:00:00+00:00,136.09278869628906
2013-10-07 00:00:00+00:00,134.9163055419922
2013-10-08 00:00:00+00:00,133.34494018554688
2013-10-09 00:00:00+00:00,133.441650390625
2013-10-10 00:00:00+00:00,136.31834411621094
2013-10-11 00:00:00+00:00,137.1967315673828
2013-10-14 00:00:00+00:00,137.74462890625
2013-10-15 00:00:00+00:00,136.74546813964844
2013-10-16 00:00:00+00:00,138.65524291992188
2013-10-17 00:00:00+00:00,139.58193969726562
2013-10-18 00:00:00+00:00,140.52467346191406
2013-10-21 00:00:00+00:00,140.5327911376953
2013-10-22 00:00:00+00:00,141.3466339111328
2013-10-23 00:00:00+00:00,140.66970825195312
2013-10-24 00:00:00+00:00,141.1371307373047
2013-10-25 00:00:00+00:00,141.78175354003906
2013-10-28 00:00:00+00:00,142.00735473632812
2013-10-29 00:00:00+00:00,142.76487731933594
2013-10-30 00:00:00+00:00,142.05572509765625
2013-10-31 00:00:00+00:00,141.65283203125
2013-11-01 00:00:00+00:00,141.9912872314453
2013-11-04 00:00:00+00:00,142.4909210205078
2013-11-05 00:00:00+00:00,142.03970336914062
2013-11-06 00:00:00+00:00,142.76487731933594
2013-11-07 00:00:00+00:00,140.9598846435547
2013-11-08 00:00:00+00:00,142.86154174804688
2013-11-11 00:00:00+00:00,142.88575744628906
2013-11-12 00:00:00+00:00,142.5956268310547
2013-11-13 00:00:00+00:00,143.73992919921875
2013-11-14 00:00:00+00:00,144.45700073242188
2013-11-15 00:00:00+00:00,145.08558654785156
2013-11-18 00:00:00+00:00,144.57794189453125
2013-11-19 00:00:00+00:00,144.2636260986328
2013-11-20 00:00:00+00:00,143.81240844726562
2013-11-21 00:00:00+00:00,144.9727783203125
2013-11-22 00:00:00+00:00,145.69801330566406
2013-11-25 00:00:00+00:00,145.55291748046875
2013-11-26 00:00:00+00:00,145.59323120117188
2013-11-27 00:00:00+00:00,145.94781494140625
2013-11-29 00:00:00+00:00,145.85107421875
2013-12-02 00:00:00+00:00,145.4723358154297
2013-12-03 00:00:00+00:00,144.84381103515625
2013-12-04 00:00:00+00:00,144.8277130126953
2013-12-05 00:00:00+00:00,144.191162109375
2013-12-06 00:00:00+00:00,145.802734375
2013-12-09 00:00:00+00:00,146.17344665527344
2013-12-10 00:00:00+00:00,145.649658203125
2013-12-11 00:00:00+00:00,144.0138397216797
2013-12-12 00:00:00+00:00,143.5384521484375
2013-12-13 00:00:00+00:00,143.5222930908203
2013-12-16 00:00:00+00:00,144.41673278808594
2013-12-17 00:00:00+00:00,143.9574737548828
2013-12-18 00:00:00+00:00,146.4151611328125
2013-12-19 00:00:00+00:00,146.24594116210938
2013-12-20 00:00:00+00:00,147.09664916992188
2013-12-23 00:00:00+00:00,147.88250732421875
2013-12-24 00:00:00+00:00,148.20652770996094
2013-12-26 00:00:00+00:00,148.96006774902344
2013-12-27 00:00:00+00:00,148.95193481445312
2013-12-30 00:00:00+00:00,148.92762756347656
2013-12-31 00:00:00+00:00,149.63253784179688
2014-01-02 00:00:00+00:00,148.198486328125
2014-01-03 00:00:00+00:00,148.17416381835938
2014-01-06 00:00:00+00:00,147.74476623535156
2014-01-07 00:00:00+00:00,148.65220642089844
2014-01-08 00:00:00+00:00,148.6845703125
2014-01-09 00:00:00+00:00,148.78182983398438
2014-01-10 00:00:00+00:00,149.18687438964844
2014-01-13 00:00:00+00:00,147.2019500732422
2014-01-14 00:00:00+00:00,148.80609130859375
2014-01-15 00:00:00+00:00,149.60818481445312
2014-01-16 00:00:00+00:00,149.41371154785156
2014-01-17 00:00:00+00:00,148.78182983398438
2014-01-21 00:00:00+00:00,149.21929931640625
2014-01-22 00:00:00+00:00,149.31649780273438
2014-01-23 00:00:00+00:00,148.09315490722656
2014-01-24 00:00:00+00:00,144.93344116210938
2014-01-27 00:00:00+00:00,144.2205047607422
2014-01-28 00:00:00+00:00,145.0792999267578
2014-01-29 00:00:00+00:00,143.68576049804688
2014-01-30 00:00:00+00:00,145.20884704589844
2014-01-31 00:00:00+00:00,144.3582305908203
2014-02-03 00:00:00+00:00,141.10939025878906
2014-02-04 00:00:00+00:00,142.0978240966797
2014-02-05 00:00:00+00:00,141.91958618164062
2014-02-06 00:00:00+00:00,143.79103088378906
2014-02-07 00:00:00+00:00,145.57345581054688
2014-02-10 00:00:00+00:00,145.84080505371094
2014-02-11 00:00:00+00:00,147.43687438964844
2014-02-12 00:00:00+00:00,147.50985717773438
2014-02-13 00:00:00+00:00,148.27139282226562
2014-02-14 00:00:00+00:00,149.08975219726562
2014-02-18 00:00:00+00:00,149.26795959472656
2014-02-19 00:00:00+00:00,148.27947998046875
2014-02-20 00:00:00+00:00,149.15451049804688
2014-02-21 00:00:00+00:00,148.98435974121094
2014-02-24 00:00:00+00:00,149.8107147216797
2014-02-25 00:00:00+00:00,149.75404357910156
2014-02-26 00:00:00+00:00,149.76217651367188
2014-02-27 00:00:00+00:00,150.54803466796875
2014-02-28 00:00:00+00:00,150.92880249023438
2014-03-03 00:00:00+00:00,149.86746215820312
2014-03-04 00:00:00+00:00,151.973876953125
2014-03-05 00:00:00+00:00,152.11166381835938
2014-03-06 00:00:00+00:00,152.4600372314453
2014-03-07 00:00:00+00:00,152.5248260498047
2014-03-10 00:00:00+00:00,152.44381713867188
2014-03-11 00:00:00+00:00,151.69032287597656
2014-03-12 00:00:00+00:00,151.7308349609375
2014-03-13 00:00:00+00:00,150.0294647216797
2014-03-14 00:00:00+00:00,149.60818481445312
2014-03-17 00:00:00+00:00,150.961181640625
2014-03-18 00:00:00+00:00,152.03871154785156
2014-03-19 00:00:00+00:00,151.22860717773438
2014-03-20 00:00:00+00:00,152.11166381835938
2014-03-21 00:00:00+00:00,151.52166748046875
2014-03-24 00:00:00+00:00,150.89503479003906
2014-03-25 00:00:00+00:00,151.61123657226562
2014-03-26 00:00:00+00:00,150.5207977294922
2014-03-27 00:00:00+00:00,150.20338439941406
2014-03-28 00:00:00+00:00,150.94390869140625
2014-03-31 00:00:00+00:00,152.18081665039062
2014-04-01 00:00:00+00:00,153.18984985351562
2014-04-02 00:00:00+00:00,153.70254516601562
2014-04-03 00:00:00+00:00,153.49905395507812
2014-04-04 00:00:00+00:00,151.68443298339844
2014-04-07 00:00:00+00:00,150.00807189941406
2014-04-08 00:00:00+00:00,150.62661743164062
2014-04-09 00:00:00+00:00,152.2458953857422
2014-04-10 00:00:00+00:00,149.0478057861328
2014-04-11 00:00:00+00:00,147.70513916015625
2014-04-14 00:00:00+00:00,148.8688507080078
2014-04-15 00:00:00+00:00,149.8941192626953
2014-04-16 00:00:00+00:00,151.46475219726562
2014-04-17 00:00:00+00:00,151.6763153076172
2014-04-21 00:00:00+00:00,152.20518493652344
2014-04-22 00:00:00+00:00,152.89695739746094
2014-04-23 00:00:00+00:00,152.53887939453125
2014-04-24 00:00:00+00:00,152.84811401367188
2014-04-25 00:00:00+00:00,151.59487915039062
2014-04-28 00:00:00+00:00,152.0750274658203
2014-04-29 00:00:00+00:00,152.78298950195312
2014-04-30 00:00:00+00:00,153.23873901367188
2014-05-01 00:00:00+00:00,153.25497436523438
2014-05-02 00:00:00+00:00,153.0352325439453
2014-05-05 00:00:00+00:00,153.32821655273438
2014-05-06 00:00:00+00:00,151.9936981201172
2014-05-07 00:00:00+00:00,152.8887939453125
2014-05-08 00:00:00+00:00,152.72605895996094
2014-05-09 00:00:00+00:00,152.95388793945312
2014-05-12 00:00:00+00:00,154.44308471679688
2014-05-13 00:00:00+00:00,154.58143615722656
2014-05-14 00:00:00+00:00,153.84901428222656
2014-05-15 00:00:00+00:00,152.49819946289062
2014-05-16 00:00:00+00:00,153.02711486816406
2014-05-19 00:00:00+00:00,153.588623046875
2014-05-20 00:00:00+00:00,152.6202850341797
2014-05-21 00:00:00+00:00,153.90599060058594
2014-05-22 00:00:00+00:00,154.28028869628906
2014-05-23 00:00:00+00:00,154.8988037109375
2014-05-27 00:00:00+00:00,155.85089111328125
2014-05-28 00:00:00+00:00,155.73695373535156
2014-05-29 00:00:00+00:00,156.54254150390625
2014-05-30 00:00:00+00:00,156.7947998046875
2014-06-02 00:00:00+00:00,156.973876953125
2014-06-03 00:00:00+00:00,156.89248657226562
2014-06-04 00:00:00+00:00,157.2098388671875
2014-06-05 00:00:00+00:00,158.2351837158203
2014-06-06 00:00:00+00:00,158.991943359375
2014-06-09 00:00:00+00:00,159.1547088623047
2014-06-10 00:00:00+00:00,159.1710205078125
2014-06-11 00:00:00+00:00,158.61766052246094
2014-06-12 00:00:00+00:00,157.49468994140625
2014-06-13 00:00:00+00:00,157.9747772216797
2014-06-16 00:00:00+00:00,158.10491943359375
2014-06-17 00:00:00+00:00,158.5443878173828
2014-06-18 00:00:00+00:00,159.7080535888672
2014-06-19 00:00:00+00:00,159.8871612548828
2014-06-20 00:00:00+00:00,160.21176147460938
2014-06-23 00:00:00+00:00,160.16270446777344
2014-06-24 00:00:00+00:00,159.1977996826172
2014-06-25 00:00:00+00:00,159.91732788085938
2014-06-26 00:00:00+00:00,159.80284118652344
2014-06-27 00:00:00+00:00,160.11361694335938
2014-06-30 00:00:00+00:00,160.03179931640625
2014-07-01 00:00:00+00:00,161.1029815673828
2014-07-02 00:00:00+00:00,161.2664794921875
2014-07-03 00:00:00+00:00,162.05960083007812
2014-07-07 00:00:00+00:00,161.49545288085938
2014-07-08 00:00:00+00:00,160.45701599121094
2014-07-09 00:00:00+00:00,161.1765594482422
2014-07-10 00:00:00+00:00,160.5387725830078
2014-07-11 00:00:00+00:00,160.75953674316406
2014-07-14 00:00:00+00:00,161.5690155029297
2014-07-15 00:00:00+00:00,161.2664794921875
2014-07-16 00:00:00+00:00,161.86338806152344
2014-07-17 00:00:00+00:00,160.0236358642578
2014-07-18 00:00:00+00:00,161.65896606445312
2014-07-21 00:00:00+00:00,161.35641479492188
2014-07-22 00:00:00+00:00,162.05960083007812
2014-07-23 00:00:00+00:00,162.4193878173828
2014-07-24 00:00:00+00:00,162.42762756347656
2014-07-25 00:00:00+00:00,161.6671142578125
2014-07-28 00:00:00+00:00,161.7325439453125
2014-07-29 00:00:00+00:00,161.03753662109375
2014-07-30 00:00:00+00:00,161.06210327148438
2014-07-31 00:00:00+00:00,157.88134765625
2014-08-01 00:00:00+00:00,157.39898681640625
2014-08-04 00:00:00+00:00,158.53553771972656
2014-08-05 00:00:00+00:00,156.9983367919922
2014-08-06 00:00:00+00:00,157.04739379882812
2014-08-07 00:00:00+00:00,156.19705200195312
2014-08-08 00:00:00+00:00,158.0040740966797
2014-08-11 00:00:00+00:00,158.46194458007812
2014-08-12 00:00:00+00:00,158.2411346435547
2014-08-13 00:00:00+00:00,159.31231689453125
2014-08-14 00:00:00+00:00,160.0645294189453
2014-08-15 00:00:00+00:00,160.03179931640625
2014-08-18 00:00:00+00:00,161.37277221679688
2014-08-19 00:00:00+00:00,162.21499633789062
2014-08-20 00:00:00+00:00,162.6483612060547
2014-08-21 00:00:00+00:00,163.12258911132812
2014-08-22 00:00:00+00:00,162.86911010742188
2014-08-25 00:00:00+00:00,163.6949462890625
2014-08-26 00:00:00+00:00,163.80125427246094
2014-08-27 00:00:00+00:00,163.73577880859375
2014-08-28 00:00:00+00:00,163.6458740234375
2014-08-29 00:00:00+00:00,164.1119384765625
2014-09-02 00:00:00+00:00,164.03016662597656
2014-09-03 00:00:00+00:00,163.9402618408203
2014-09-04 00:00:00+00:00,163.7030792236328
2014-09-05 00:00:00+00:00,164.4390411376953
2014-09-08 00:00:00+00:00,164.0138397216797
2014-09-09 00:00:00+00:00,162.97540283203125
2014-09-10 00:00:00+00:00,163.58863830566406
2014-09-11 00:00:00+00:00,163.77670288085938
2014-09-12 00:00:00+00:00,162.82008361816406
2014-09-15 00:00:00+00:00,162.69740295410156
2014-09-16 00:00:00+00:00,163.9238739013672
2014-09-17 00:00:00+00:00,164.1446533203125
2014-09-18 00:00:00+00:00,165.01951599121094
2014-09-19 00:00:00+00:00,164.87086486816406
2014-09-22 00:00:00+00:00,163.59754943847656
2014-09-23 00:00:00+00:00,162.66104125976562
2014-09-24 00:00:00+00:00,163.93438720703125
2014-09-25 00:00:00+00:00,161.2891845703125
2014-09-26 00:00:00+00:00,162.57070922851562
2014-09-29 00:00:00+00:00,162.2749481201172
2014-09-30 00:00:00+00:00,161.8477783203125
2014-10-01 00:00:00+00:00,159.65443420410156
2014-10-02 00:00:00+00:00,159.67910766601562
2014-10-03 00:00:00+00:00,161.43710327148438
2014-10-06 00:00:00+00:00,161.24807739257812
2014-10-07 00:00:00+00:00,158.75909423828125
2014-10-08 00:00:00+00:00,161.53567504882812
2014-10-09 00:00:00+00:00,158.33181762695312
2014-10-10 00:00:00+00:00,156.5246124267578
2014-10-13 00:00:00+00:00,153.95339965820312
2014-10-14 00:00:00+00:00,154.19161987304688
2014-10-15 00:00:00+00:00,153.1483917236328
2014-10-16 00:00:00+00:00,153.0169219970703
2014-10-17 00:00:00+00:00,154.8241729736328
2014-10-20 00:00:00+00:00,156.32749938964844
2014-10-21 00:00:00+00:00,159.4244384765625
2014-10-22 00:00:00+00:00,158.29078674316406
2014-10-23 00:00:00+00:00,160.13088989257812
2014-10-24 00:00:00+00:00,161.3631134033203
2014-10-27 00:00:00+00:00,161.14132690429688
2014-10-28 00:00:00+00:00,162.98968505859375
2014-10-29 00:00:00+00:00,162.7431640625
2014-10-30 00:00:00+00:00,163.7864532470703
2014-10-31 00:00:00+00:00,165.65945434570312
2014-11-03 00:00:00+00:00,165.74981689453125
2014-11-04 00:00:00+00:00,165.17483520507812
2014-11-05 00:00:00+00:00,166.21810913085938
2014-11-06 00:00:00+00:00,166.8834686279297
2014-11-07 00:00:00+00:00,167.03953552246094
2014-11-10 00:00:00+00:00,167.56532287597656
2014-11-11 00:00:00+00:00,167.72962951660156
2014-11-12 00:00:00+00:00,167.5489044189453
2014-11-13 00:00:00+00:00,167.7378387451172
2014-11-14 00:00:00+00:00,167.77890014648438
2014-11-17 00:00:00+00:00,167.88565063476562
2014-11-18 00:00:00+00:00,168.85499572753906
2014-11-19 00:00:00+00:00,168.58396911621094
2014-11-20 00:00:00+00:00,168.87966918945312
2014-11-21 00:00:00+00:00,169.78329467773438
2014-11-24 00:00:00+00:00,170.25973510742188
2014-11-25 00:00:00+00:00,170.13650512695312
2014-11-26 00:00:00+00:00,170.5718994140625
2014-11-28 00:00:00+00:00,170.21046447753906
2014-12-01 00:00:00+00:00,169.0275421142578
2014-12-02 00:00:00+00:00,170.12010192871094
2014-12-03 00:00:00+00:00,170.77734375
2014-12-04 00:00:00+00:00,170.58827209472656
2014-12-05 00:00:00+00:00,170.86770629882812
2014-12-08 00:00:00+00:00,169.7257843017578
2014-12-09 00:00:00+00:00,169.61077880859375
2014-12-10 00:00:00+00:00,166.89169311523438
2014-12-11 00:00:00+00:00,167.7378387451172
2014-12-12 00:00:00+00:00,165.02691650390625
2014-12-15 00:00:00+00:00,163.89324951171875
2014-12-16 00:00:00+00:00,162.57888793945312
2014-12-17 00:00:00+00:00,165.76625061035156
2014-12-18 00:00:00+00:00,169.86546325683594
2014-12-19 00:00:00+00:00,170.58815002441406
2014-12-22 00:00:00+00:00,171.37289428710938
2014-12-23 00:00:00+00:00,171.60421752929688
2014-12-24 00:00:00+00:00,171.62071228027344
2014-12-26 00:00:00+00:00,172.17416381835938
2014-12-29 00:00:00+00:00,172.40545654296875
2014-12-30 00:00:00+00:00,171.4803009033203
2014-12-31 00:00:00+00:00,169.7787322998047
2015-01-02 00:00:00+00:00,169.68785095214844
2015-01-05 00:00:00+00:00,166.623291015625
2015-01-06 00:00:00+00:00,165.05392456054688
2015-01-07 00:00:00+00:00,167.11070251464844
2015-01-08 00:00:00+00:00,170.07606506347656
2015-01-09 00:00:00+00:00,168.71315002441406
2015-01-12 00:00:00+00:00,167.3915557861328
2015-01-13 00:00:00+00:00,166.92074584960938
2015-01-14 00:00:00+00:00,165.91299438476562
2015-01-15 00:00:00+00:00,164.3931427001953
2015-01-16 00:00:00+00:00,166.54898071289062
2015-01-20 00:00:00+00:00,166.9041748046875
2015-01-21 00:00:00+00:00,167.7467041015625
2015-01-22 00:00:00+00:00,170.24124145507812
2015-01-23 00:00:00+00:00,169.3079071044922
2015-01-26 00:00:00+00:00,169.70431518554688
2015-01-27 00:00:00+00:00,167.4658966064453
2015-01-28 00:00:00+00:00,165.31822204589844
2015-01-29 00:00:00+00:00,166.8463592529297
2015-01-30 00:00:00+00:00,164.7482452392578
2015-02-02 00:00:00+00:00,166.78851318359375
2015-02-03 00:00:00+00:00,169.20054626464844
2015-02-04 00:00:00+00:00,168.55618286132812
2015-02-05 00:00:00+00:00,170.25779724121094
2015-02-06 00:00:00+00:00,169.78695678710938
2015-02-09 00:00:00+00:00,169.02703857421875
2015-02-10 00:00:00+00:00,170.82772827148438
2015-02-11 00:00:00+00:00,170.9268798828125
2015-02-12 00:00:00+00:00,172.5706024169922
2015-02-13 00:00:00+00:00,173.281005859375
2015-02-17 00:00:00+00:00,173.55360412597656
2015-02-18 00:00:00+00:00,173.57015991210938
2015-02-19 00:00:00+00:00,173.4462127685547
2015-02-20 00:00:00+00:00,174.4869842529297
2015-02-23 00:00:00+00:00,174.4622344970703
2015-02-24 00:00:00+00:00,174.9578399658203
2015-02-25 00:00:00+00:00,174.80914306640625
2015-02-26 00:00:00+00:00,174.60264587402344
2015-02-27 00:00:00+00:00,174.0078582763672
2015-03-02 00:00:00+00:00,175.1065216064453
2015-03-03 00:00:00+00:00,174.38784790039062
2015-03-04 00:00:00+00:00,173.65272521972656
2015-03-05 00:00:00+00:00,173.8427276611328
2015-03-06 00:00:00+00:00,171.39764404296875
2015-03-09 00:00:00+00:00,172.10804748535156
2015-03-10 00:00:00+00:00,169.31617736816406
2015-03-11 00:00:00+00:00,168.91966247558594
2015-03-12 00:00:00+00:00,171.06727600097656
2015-03-13 00:00:00+00:00,170.0182647705078
2015-03-16 00:00:00+00:00,172.28981018066406
2015-03-17 00:00:00+00:00,171.77764892578125
2015-03-18 00:00:00+00:00,173.8427276611328
2015-03-19 00:00:00+00:00,173.04971313476562
2015-03-20 00:00:00+00:00,174.5771942138672
2015-03-23 00:00:00+00:00,174.2370147705078
2015-03-24 00:00:00+00:00,173.25799560546875
2015-03-25 00:00:00+00:00,170.71908569335938
2015-03-26 00:00:00+00:00,170.3125457763672
2015-03-27 00:00:00+00:00,170.70248413085938
2015-03-30 00:00:00+00:00,172.7850799560547
2015-03-31 00:00:00+00:00,171.27503967285156
2015-04-01 00:00:00+00:00,170.66929626464844
2015-04-02 00:00:00+00:00,171.28334045410156
2015-04-06 00:00:00+00:00,172.4365997314453
2015-04-07 00:00:00+00:00,171.980224609375
2015-04-08 00:00:00+00:00,172.56101989746094
2015-04-09 00:00:00+00:00,173.32440185546875
2015-04-10 00:00:00+00:00,174.27017211914062
2015-04-13 00:00:00+00:00,173.48199462890625
2015-04-14 00:00:00+00:00,173.81390380859375
2015-04-15 00:00:00+00:00,174.59381103515625
2015-04-16 00:00:00+00:00,174.5439910888672
2015-04-17 00:00:00+00:00,172.5361328125
2015-04-20 00:00:00+00:00,174.11256408691406
2015-04-21 00:00:00+00:00,173.90518188476562
2015-04-22 00:00:00+00:00,174.75975036621094
2015-04-23 00:00:00+00:00,175.19944763183594
2015-04-24 00:00:00+00:00,175.60604858398438
2015-04-27 00:00:00+00:00,174.87591552734375
2015-04-28 00:00:00+00:00,175.43174743652344
2015-04-29 00:00:00+00:00,174.70999145507812
2015-04-30 00:00:00+00:00,172.9593048095703
2015-05-01 00:00:00+00:00,174.83438110351562
2015-05-04 00:00:00+00:00,175.33221435546875
2015-05-05 00:00:00+00:00,173.32440185546875
2015-05-06 00:00:00+00:00,172.61077880859375
2015-05-07 00:00:00+00:00,173.29949951171875
2015-05-08 00:00:00+00:00,175.58111572265625
2015-05-11 00:00:00+00:00,174.74313354492188
2015-05-12 00:00:00+00:00,174.22039794921875
2015-05-13 00:00:00+00:00,174.2536163330078
2015-05-14 00:00:00+00:00,176.07066345214844
2015-05-15 00:00:00+00:00,176.26150512695312
2015-05-18 00:00:00+00:00,176.80911254882812
2015-05-19 00:00:00+00:00,176.7510223388672
2015-05-20 00:00:00+00:00,176.62657165527344
2015-05-21 00:00:00+00:00,177.14097595214844
2015-05-22 00:00:00+00:00,176.7178497314453
2015-05-26 00:00:00+00:00,174.81777954101562
2015-05-27 00:00:00+00:00,176.47720336914062
2015-05-28 00:00:00+00:00,176.27810668945312
2015-05-29 00:00:00+00:00,175.182861328125
2015-06-01 00:00:00+00:00,175.5396728515625
2015-06-02 00:00:00+00:00,175.36537170410156
2015-06-03 00:00:00+00:00,175.830078125
2015-06-04 00:00:00+00:00,174.3448944091797
2015-06-05 00:00:00+00:00,174.0461883544922
2015-06-08 00:00:00+00:00,172.97589111328125
2015-06-09 00:00:00+00:00,172.95101928710938
2015-06-10 00:00:00+00:00,175.0252227783203
2015-06-11 00:00:00+00:00,175.5895233154297
2015-06-12 00:00:00+00:00,174.2453155517578
2015-06-15 00:00:00+00:00,173.49864196777344
2015-06-16 00:00:00+00:00,174.44448852539062
2015-06-17 00:00:00+00:00,174.7265167236328
2015-06-18 00:00:00+00:00,176.54360961914062
2015-06-19 00:00:00+00:00,175.7598876953125
2015-06-22 00:00:00+00:00,176.66033935546875
2015-06-23 00:00:00+00:00,176.78536987304688
2015-06-24 00:00:00+00:00,175.50146484375
2015-06-25 00:00:00+00:00,174.96783447265625
2015-06-26 00:00:00+00:00,174.93446350097656
2015-06-29 00:00:00+00:00,171.26605224609375
2015-06-30 00:00:00+00:00,171.6245574951172
2015-07-01 00:00:00+00:00,173.0001678466797
2015-07-02 00:00:00+00:00,172.84173583984375
2015-07-06 00:00:00+00:00,172.3499298095703
2015-07-07 00:00:00+00:00,173.4337921142578
2015-07-08 00:00:00+00:00,170.52398681640625
2015-07-09 00:00:00+00:00,170.83251953125
2015-07-10 00:00:00+00:00,172.9835968017578
2015-07-13 00:00:00+00:00,174.89279174804688
2015-07-14 00:00:00+00:00,175.65150451660156
2015-07-15 00:00:00+00:00,175.59312438964844
2015-07-16 00:00:00+00:00,177.00216674804688
2015-07-17 00:00:00+00:00,177.15219116210938
2015-07-20 00:00:00+00:00,177.243896484375
2015-07-21 00:00:00+00:00,176.54359436035156
2015-07-22 00:00:00+00:00,176.22674560546875
2015-07-23 00:00:00+00:00,175.23463439941406
2015-07-24 00:00:00+00:00,173.41708374023438
2015-07-27 00:00:00+00:00,172.40823364257812
2015-07-28 00:00:00+00:00,174.5260009765625
2015-07-29 00:00:00+00:00,175.7265625
2015-07-30 00:00:00+00:00,175.7682647705078
2015-07-31 00:00:00+00:00,175.50146484375
2015-08-03 00:00:00+00:00,174.9094696044922
2015-08-04 00:00:00+00:00,174.56761169433594
2015-08-05 00:00:00+00:00,175.1429443359375
2015-08-06 00:00:00+00:00,173.70892333984375
2015-08-07 00:00:00+00:00,173.37538146972656
2015-08-10 00:00:00+00:00,175.55979919433594
2015-08-11 00:00:00+00:00,173.97569274902344
2015-08-12 00:00:00+00:00,174.18411254882812
2015-08-13 00:00:00+00:00,173.9673614501953
2015-08-14 00:00:00+00:00,174.6010284423828
2015-08-17 00:00:00+00:00,175.57644653320312
2015-08-18 00:00:00+00:00,175.06787109375
2015-08-19 00:00:00+00:00,173.6839141845703
2015-08-20 00:00:00+00:00,170.05711364746094
2015-08-21 00:00:00+00:00,164.93795776367188
2015-08-24 00:00:00+00:00,157.992919921875
2015-08-25 00:00:00+00:00,156.1337127685547
2015-08-26 00:00:00+00:00,162.1282958984375
2015-08-27 00:00:00+00:00,166.1385498046875
2015-08-28 00:00:00+00:00,166.14694213867188
2015-08-31 00:00:00+00:00,164.8045654296875
2015-09-01 00:00:00+00:00,159.88558959960938
2015-09-02 00:00:00+00:00,162.92039489746094
2015-09-03 00:00:00+00:00,163.03704833984375
2015-09-04 00:00:00+00:00,160.5691680908203
2015-09-08 00:00:00+00:00,164.60447692871094
2015-09-09 00:00:00+00:00,162.40350341796875
2015-09-10 00:00:00+00:00,163.2872314453125
2015-09-11 00:00:00+00:00,164.0292205810547
2015-09-14 00:00:00+00:00,163.42059326171875
2015-09-15 00:00:00+00:00,165.46327209472656
2015-09-16 00:00:00+00:00,166.8972625732422
2015-09-17 00:00:00+00:00,166.52210998535156
2015-09-18 00:00:00+00:00,163.8008575439453
2015-09-21 00:00:00+00:00,164.64739990234375
2015-09-22 00:00:00+00:00,162.51022338867188
2015-09-23 00:00:00+00:00,162.25047302246094
2015-09-24 00:00:00+00:00,161.66372680664062
2015-09-25 00:00:00+00:00,161.6219482421875
2015-09-28 00:00:00+00:00,157.5655975341797
2015-09-29 00:00:00+00:00,157.6577911376953
2015-09-30 00:00:00+00:00,160.59945678710938
2015-10-01 00:00:00+00:00,161.01844787597656
2015-10-02 00:00:00+00:00,163.42376708984375
2015-10-05 00:00:00+00:00,166.33181762695312
2015-10-06 00:00:00+00:00,165.76193237304688
2015-10-07 00:00:00+00:00,167.11964416503906
2015-10-08 00:00:00+00:00,168.62814331054688
2015-10-09 00:00:00+00:00,168.72869873046875
2015-10-12 00:00:00+00:00,168.88796997070312
2015-10-13 00:00:00+00:00,167.82362365722656
2015-10-14 00:00:00+00:00,167.01902770996094
2015-10-15 00:00:00+00:00,169.58358764648438
2015-10-16 00:00:00+00:00,170.35458374023438
2015-10-19 00:00:00+00:00,170.43838500976562
2015-10-20 00:00:00+00:00,170.22048950195312
2015-10-21 00:00:00+00:00,169.16453552246094
2015-10-22 00:00:00+00:00,172.0223388671875
2015-10-23 00:00:00+00:00,173.90798950195312
2015-10-26 00:00:00+00:00,173.48062133789062
2015-10-27 00:00:00+00:00,173.1453857421875
2015-10-28 00:00:00+00:00,175.11476135253906
2015-10-29 00:00:00+00:00,175.0142364501953
2015-10-30 00:00:00+00:00,174.26002502441406
2015-11-02 00:00:00+00:00,176.3216552734375
2015-11-03 00:00:00+00:00,176.83285522460938
2015-11-04 00:00:00+00:00,176.29649353027344
2015-11-05 00:00:00+00:00,176.1205291748047
2015-11-06 00:00:00+00:00,176.02828979492188
2015-11-09 00:00:00+00:00,174.3856964111328
2015-11-10 00:00:00+00:00,174.78793334960938
2015-11-11 00:00:00+00:00,174.10072326660156
2015-11-12 00:00:00+00:00,171.67030334472656
2015-11-13 00:00:00+00:00,169.74278259277344
2015-11-16 00:00:00+00:00,172.3240203857422
2015-11-17 00:00:00+00:00,172.19830322265625
2015-11-18 00:00:00+00:00,174.93038940429688
2015-11-19 00:00:00+00:00,174.7795867919922
2015-11-20 00:00:00+00:00,175.41651916503906
2015-11-23 00:00:00+00:00,175.21542358398438
2015-11-24 00:00:00+00:00,175.45004272460938
2015-11-25 00:00:00+00:00,175.42489624023438
2015-11-27 00:00:00+00:00,175.6260528564453
2015-11-30 00:00:00+00:00,174.89694213867188
2015-12-01 00:00:00+00:00,176.564697265625
2015-12-02 00:00:00+00:00,174.76283264160156
2015-12-03 00:00:00+00:00,172.31564331054688
2015-12-04 00:00:00+00:00,175.67630004882812
2015-12-07 00:00:00+00:00,174.61199951171875
2015-12-08 00:00:00+00:00,173.43865966796875
2015-12-09 00:00:00+00:00,172.0894012451172
2015-12-10 00:00:00+00:00,172.53359985351562
2015-12-11 00:00:00+00:00,169.1896514892578
2015-12-14 00:00:00+00:00,170.0445098876953
2015-12-15 00:00:00+00:00,171.8295440673828
2015-12-16 00:00:00+00:00,174.3437957763672
2015-12-17 00:00:00+00:00,171.68716430664062
2015-12-18 00:00:00+00:00,168.62855529785156
2015-12-21 00:00:00+00:00,170.0195770263672
2015-12-22 00:00:00+00:00,171.56234741210938
2015-12-23 00:00:00+00:00,173.68685913085938
2015-12-24 00:00:00+00:00,173.40016174316406
2015-12-28 00:00:00+00:00,173.00399780273438
2015-12-29 00:00:00+00:00,174.8502655029297
2015-12-30 00:00:00+00:00,173.61097717285156
2015-12-31 00:00:00+00:00,171.87428283691406
2016-01-04 00:00:00+00:00,169.4716339111328
2016-01-05 00:00:00+00:00,169.7581329345703
2016-01-06 00:00:00+00:00,167.61680603027344
2016-01-07 00:00:00+00:00,163.595458984375
2016-01-08 00:00:00+00:00,161.79971313476562
2016-01-11 00:00:00+00:00,161.95989990234375
2016-01-12 00:00:00+00:00,163.26663208007812
2016-01-13 00:00:00+00:00,159.1946563720703
2016-01-14 00:00:00+00:00,161.80816650390625
2016-01-15 00:00:00+00:00,158.33477783203125
2016-01-19 00:00:00+00:00,158.54550170898438
2016-01-20 00:00:00+00:00,156.5137481689453
2016-01-21 00:00:00+00:00,157.3905029296875
2016-01-22 00:00:00+00:00,160.6194305419922
2016-01-25 00:00:00+00:00,158.19140625
2016-01-26 00:00:00+00:00,160.3496551513672
2016-01-27 00:00:00+00:00,158.60452270507812
2016-01-28 00:00:00+00:00,159.4307403564453
2016-01-29 00:00:00+00:00,163.31719970703125
2016-02-01 00:00:00+00:00,163.2582244873047
2016-02-02 00:00:00+00:00,160.31597900390625
2016-02-03 00:00:00+00:00,161.27703857421875
2016-02-04 00:00:00+00:00,161.52999877929688
2016-02-05 00:00:00+00:00,158.4528045654297
2016-02-08 00:00:00+00:00,156.31980895996094
2016-02-09 00:00:00+00:00,156.32823181152344
2016-02-10 00:00:00+00:00,156.19338989257812
2016-02-11 00:00:00+00:00,154.16163635253906
2016-02-12 00:00:00+00:00,157.33995056152344
2016-02-16 00:00:00+00:00,159.99557495117188
2016-02-17 00:00:00+00:00,162.60910034179688
2016-02-18 00:00:00+00:00,161.9430694580078
2016-02-19 00:00:00+00:00,161.86717224121094
2016-02-22 00:00:00+00:00,164.2108612060547
2016-02-23 00:00:00+00:00,162.136962890625
2016-02-24 00:00:00+00:00,162.8788604736328
2016-02-25 00:00:00+00:00,164.85159301757812
2016-02-26 00:00:00+00:00,164.47219848632812
2016-02-29 00:00:00+00:00,163.18234252929688
2016-03-01 00:00:00+00:00,167.01824951171875
2016-03-02 00:00:00+00:00,167.76858520507812
2016-03-03 00:00:00+00:00,168.42617797851562
2016-03-04 00:00:00+00:00,168.97412109375
2016-03-07 00:00:00+00:00,169.10902404785156
2016-03-08 00:00:00+00:00,167.2627410888672
2016-03-09 00:00:00+00:00,168.0889892578125
2016-03-10 00:00:00+00:00,168.22389221191406
2016-03-11 00:00:00+00:00,170.9384765625
2016-03-14 00:00:00+00:00,170.7192840576172
2016-03-15 00:00:00+00:00,170.4410400390625
2016-03-16 00:00:00+00:00,171.42747497558594
2016-03-17 00:00:00+00:00,172.5150146484375
2016-03-18 00:00:00+00:00,173.19288635253906
2016-03-21 00:00:00+00:00,173.43870544433594
2016-03-22 00:00:00+00:00,173.34544372558594
2016-03-23 00:00:00+00:00,172.20143127441406
2016-03-24 00:00:00+00:00,172.12515258789062
2016-03-28 00:00:00+00:00,172.2268524169922
2016-03-29 00:00:00+00:00,173.82000732421875
2016-03-30 00:00:00+00:00,174.58267211914062
2016-03-31 00:00:00+00:00,174.15896606445312
2016-04-01 00:00:00+00:00,175.34536743164062
2016-04-04 00:00:00+00:00,174.77760314941406
2016-04-05 00:00:00+00:00,173.0319061279297
2016-04-06 00:00:00+00:00,174.92160034179688
2016-04-07 00:00:00+00:00,172.82852172851562
2016-04-08 00:00:00+00:00,173.2946014404297
2016-04-11 00:00:00+00:00,172.88784790039062
2016-04-12 00:00:00+00:00,174.49790954589844
2016-04-13 00:00:00+00:00,176.26051330566406
2016-04-14 00:00:00+00:00,176.26902770996094
2016-04-15 00:00:00+00:00,176.07412719726562
2016-04-18 00:00:00+00:00,177.31130981445312
2016-04-19 00:00:00+00:00,177.87059020996094
2016-04-20 00:00:00+00:00,178.04005432128906
2016-04-21 00:00:00+00:00,177.0824432373047
2016-04-22 00:00:00+00:00,177.0824432373047
2016-04-25 00:00:00+00:00,176.77737426757812
2016-04-26 00:00:00+00:00,177.04010009765625
2016-04-27 00:00:00+00:00,177.4044952392578
2016-04-28 00:00:00+00:00,175.79444885253906
2016-04-29 00:00:00+00:00,174.8453369140625
2016-05-02 00:00:00+00:00,176.23512268066406
2016-05-03 00:00:00+00:00,174.70130920410156
2016-05-04 00:00:00+00:00,173.72679138183594
2016-05-05 00:00:00+00:00,173.69288635253906
2016-05-06 00:00:00+00:00,174.32846069335938
2016-05-09 00:00:00+00:00,174.4725341796875
2016-05-10 00:00:00+00:00,176.641845703125
2016-05-11 00:00:00+00:00,174.98941040039062
2016-05-12 00:00:00+00:00,175.0402374267578
2016-05-13 00:00:00+00:00,173.5149383544922
2016-05-16 00:00:00+00:00,175.2266845703125
2016-05-17 00:00:00+00:00,173.59120178222656
2016-05-18 00:00:00+00:00,173.6420440673828
2016-05-19 00:00:00+00:00,173.04037475585938
2016-05-20 00:00:00+00:00,174.1335906982422
2016-05-23 00:00:00+00:00,173.89622497558594
2016-05-24 00:00:00+00:00,176.1503448486328
2016-05-25 00:00:00+00:00,177.34518432617188
2016-05-26 00:00:00+00:00,177.39601135253906
2016-05-27 00:00:00+00:00,178.15870666503906
2016-05-31 00:00:00+00:00,177.81976318359375
2016-06-01 00:00:00+00:00,178.1841278076172
2016-06-02 00:00:00+00:00,178.7264862060547
2016-06-03 00:00:00+00:00,178.19259643554688
2016-06-06 00:00:00+00:00,179.09933471679688
2016-06-07 00:00:00+00:00,179.37899780273438
2016-06-08 00:00:00+00:00,179.9636993408203
2016-06-09 00:00:00+00:00,179.71792602539062
2016-06-10 00:00:00+00:00,178.01470947265625
2016-06-13 00:00:00+00:00,176.641845703125
2016-06-14 00:00:00+00:00,176.29441833496094
2016-06-15 00:00:00+00:00,176.0487060546875
2016-06-16 00:00:00+00:00,176.57406616210938
2016-06-17 00:00:00+00:00,175.91650390625
2016-06-20 00:00:00+00:00,177.04937744140625
2016-06-21 00:00:00+00:00,177.55191040039062
2016-06-22 00:00:00+00:00,177.26234436035156
2016-06-23 00:00:00+00:00,179.5707244873047
2016-06-24 00:00:00+00:00,173.1225128173828
2016-06-27 00:00:00+00:00,170.02195739746094
2016-06-28 00:00:00+00:00,173.08847045898438
2016-06-29 00:00:00+00:00,176.03570556640625
2016-06-30 00:00:00+00:00,178.4378204345703
2016-07-01 00:00:00+00:00,178.8126678466797
2016-07-05 00:00:00+00:00,177.52642822265625
2016-07-06 00:00:00+00:00,178.5911865234375
2016-07-07 00:00:00+00:00,178.48040771484375
2016-07-08 00:00:00+00:00,181.1380615234375
2016-07-11 00:00:00+00:00,181.77696228027344
2016-07-12 00:00:00+00:00,183.09722900390625
2016-07-13 00:00:00+00:00,183.07167053222656
2016-07-14 00:00:00+00:00,184.09385681152344
2016-07-15 00:00:00+00:00,183.84683227539062
2016-07-18 00:00:00+00:00,184.3408966064453
2016-07-19 00:00:00+00:00,184.15353393554688
2016-07-20 00:00:00+00:00,184.92013549804688
2016-07-21 00:00:00+00:00,184.22157287597656
2016-07-22 00:00:00+00:00,185.0478973388672
2016-07-25 00:00:00+00:00,184.5452880859375
2016-07-26 00:00:00+00:00,184.63052368164062
2016-07-27 00:00:00+00:00,184.43458557128906
2016-07-28 00:00:00+00:00,184.6475830078125
2016-07-29 00:00:00+00:00,184.94564819335938
2016-08-01 00:00:00+00:00,184.79234313964844
2016-08-02 00:00:00+00:00,183.6083526611328
2016-08-03 00:00:00+00:00,184.14500427246094
2016-08-04 00:00:00+00:00,184.3408966064453
2016-08-05 00:00:00+00:00,185.8485870361328
2016-08-08 00:00:00+00:00,185.7378692626953
2016-08-09 00:00:00+00:00,185.8485870361328
2016-08-10 00:00:00+00:00,185.38861083984375
2016-08-11 00:00:00+00:00,186.24893188476562
2016-08-12 00:00:00+00:00,186.08714294433594
2016-08-15 00:00:00+00:00,186.62374877929688
2016-08-16 00:00:00+00:00,185.66127014160156
2016-08-17 00:00:00+00:00,186.01043701171875
2016-08-18 00:00:00+00:00,186.4278564453125
2016-08-19 00:00:00+00:00,186.15528869628906
2016-08-22 00:00:00+00:00,186.14674377441406
2016-08-23 00:00:00+00:00,186.5215301513672
2016-08-24 00:00:00+00:00,185.5675506591797
2016-08-25 00:00:00+00:00,185.43978881835938
2016-08-26 00:00:00+00:00,185.09048461914062
2016-08-29 00:00:00+00:00,186.00192260742188
2016-08-30 00:00:00+00:00,185.6953125
2016-08-31 00:00:00+00:00,185.1671600341797
2016-09-01 00:00:00+00:00,185.17568969726562
2016-09-02 00:00:00+00:00,186.01043701171875
2016-09-06 00:00:00+00:00,186.5726776123047
2016-09-07 00:00:00+00:00,186.55560302734375
2016-09-08 00:00:00+00:00,186.12974548339844
2016-09-09 00:00:00+00:00,181.6747283935547
2016-09-12 00:00:00+00:00,184.2812957763672
2016-09-13 00:00:00+00:00,181.63211059570312
2016-09-14 00:00:00+00:00,181.56398010253906
2016-09-15 00:00:00+00:00,183.3783721923828
2016-09-16 00:00:00+00:00,182.66944885253906
2016-09-19 00:00:00+00:00,182.70379638671875
2016-09-20 00:00:00+00:00,182.7122802734375
2016-09-21 00:00:00+00:00,184.7669677734375
2016-09-22 00:00:00+00:00,185.93125915527344
2016-09-23 00:00:00+00:00,184.91253662109375
2016-09-26 00:00:00+00:00,183.41433715820312
2016-09-27 00:00:00+00:00,184.55294799804688
2016-09-28 00:00:00+00:00,185.4689483642578
2016-09-29 00:00:00+00:00,183.79098510742188
2016-09-30 00:00:00+00:00,185.1779022216797
2016-10-03 00:00:00+00:00,184.73269653320312
2016-10-04 00:00:00+00:00,183.79098510742188
2016-10-05 00:00:00+00:00,184.60430908203125
2016-10-06 00:00:00+00:00,184.73269653320312
2016-10-07 00:00:00+00:00,184.0991668701172
2016-10-10 00:00:00+00:00,185.05801391601562
2016-10-11 00:00:00+00:00,182.72084045410156
2016-10-12 00:00:00+00:00,182.96051025390625
2016-10-13 00:00:00+00:00,182.36123657226562
2016-10-14 00:00:00+00:00,182.45541381835938
2016-10-17 00:00:00+00:00,181.82192993164062
2016-10-18 00:00:00+00:00,182.96051025390625
2016-10-19 00:00:00+00:00,183.4485626220703
2016-10-20 00:00:00+00:00,183.1060791015625
2016-10-21 00:00:00+00:00,183.19171142578125
2016-10-24 00:00:00+00:00,183.97080993652344
2016-10-25 00:00:00+00:00,183.35440063476562
2016-10-26 00:00:00+00:00,182.98626708984375
2016-10-27 00:00:00+00:00,182.49822998046875
2016-10-28 00:00:00+00:00,181.95887756347656
2016-10-31 00:00:00+00:00,181.9674835205078
2016-11-01 00:00:00+00:00,180.64898681640625
2016-11-02 00:00:00+00:00,179.56179809570312
2016-11-03 00:00:00+00:00,178.7398681640625
2016-11-04 00:00:00+00:00,178.54299926757812
2016-11-07 00:00:00+00:00,182.4811248779297
2016-11-08 00:00:00+00:00,183.302978515625
2016-11-09 00:00:00+00:00,185.24642944335938
2016-11-10 00:00:00+00:00,185.7086944580078
2016-11-11 00:00:00+00:00,185.28062438964844
2016-11-14 00:00:00+00:00,185.42613220214844
2016-11-15 00:00:00+00:00,186.87298583984375
2016-11-16 00:00:00+00:00,186.5220184326172
2016-11-17 00:00:00+00:00,187.48089599609375
2016-11-18 00:00:00+00:00,187.06137084960938
2016-11-21 00:00:00+00:00,188.47398376464844
2016-11-22 00:00:00+00:00,188.84205627441406
2016-11-23 00:00:00+00:00,188.94482421875
2016-11-25 00:00:00+00:00,189.6468048095703
2016-11-28 00:00:00+00:00,188.75645446777344
2016-11-29 00:00:00+00:00,189.1245880126953
2016-11-30 00:00:00+00:00,188.67086791992188
2016-12-01 00:00:00+00:00,187.97740173339844
2016-12-02 00:00:00+00:00,188.07159423828125
2016-12-05 00:00:00+00:00,189.20164489746094
2016-12-06 00:00:00+00:00,189.8009033203125
2016-12-07 00:00:00+00:00,192.2836456298828
2016-12-08 00:00:00+00:00,192.75450134277344
2016-12-09 00:00:00+00:00,193.91885375976562
2016-12-12 00:00:00+00:00,193.69627380371094
2016-12-13 00:00:00+00:00,194.98898315429688
2016-12-14 00:00:00+00:00,193.3794708251953
2016-12-15 00:00:00+00:00,194.1756591796875
2016-12-16 00:00:00+00:00,193.79588317871094
2016-12-19 00:00:00+00:00,194.21788024902344
2016-12-20 00:00:00+00:00,194.9670867919922
2016-12-21 00:00:00+00:00,194.42454528808594
2016-12-22 00:00:00+00:00,194.08868408203125
2016-12-23 00:00:00+00:00,194.3728790283203
2016-12-27 00:00:00+00:00,194.8551788330078
2016-12-28 00:00:00+00:00,193.24478149414062
2016-12-29 00:00:00+00:00,193.20167541503906
2016-12-30 00:00:00+00:00,192.49557495117188
2017-01-03 00:00:00+00:00,193.96817016601562
2017-01-04 00:00:00+00:00,195.1221160888672
2017-01-05 00:00:00+00:00,194.9670867919922
2017-01-06 00:00:00+00:00,195.66465759277344
2017-01-09 00:00:00+00:00,195.01876831054688
2017-01-10 00:00:00+00:00,195.01876831054688
2017-01-11 00:00:00+00:00,195.56991577148438
2017-01-12 00:00:00+00:00,195.0790557861328
2017-01-13 00:00:00+00:00,195.52684020996094
2017-01-17 00:00:00+00:00,194.83792114257812
2017-01-18 00:00:00+00:00,195.26852416992188
2017-01-19 00:00:00+00:00,194.54513549804688
2017-01-20 00:00:00+00:00,195.25985717773438
2017-01-23 00:00:00+00:00,194.7518310546875
2017-01-24 00:00:00+00:00,196.00050354003906
2017-01-25 00:00:00+00:00,197.6969757080078
2017-01-26 00:00:00+00:00,197.4903106689453
2017-01-27 00:00:00+00:00,197.18028259277344
2017-01-30 00:00:00+00:00,195.9573974609375
2017-01-31 00:00:00+00:00,195.9402313232422
2017-02-01 00:00:00+00:00,196.01768493652344
2017-02-02 00:00:00+00:00,196.1469268798828
2017-02-03 00:00:00+00:00,197.49887084960938
2017-02-06 00:00:00+00:00,197.1458282470703
2017-02-07 00:00:00+00:00,197.15444946289062
2017-02-08 00:00:00+00:00,197.41278076171875
2017-02-09 00:00:00+00:00,198.58396911621094
2017-02-10 00:00:00+00:00,199.36761474609375
2017-02-13 00:00:00+00:00,200.4527130126953
2017-02-14 00:00:00+00:00,201.2535858154297
2017-02-15 00:00:00+00:00,202.30421447753906
2017-02-16 00:00:00+00:00,202.1319122314453
2017-02-17 00:00:00+00:00,202.4505615234375
2017-02-21 00:00:00+00:00,203.65626525878906
2017-02-22 00:00:00+00:00,203.47537231445312
2017-02-23 00:00:00+00:00,203.61317443847656
2017-02-24 00:00:00+00:00,203.8715057373047
2017-02-27 00:00:00+00:00,204.19015502929688
2017-02-28 00:00:00+00:00,203.63900756835938
2017-03-01 00:00:00+00:00,206.48944091796875
2017-03-02 00:00:00+00:00,205.18911743164062
2017-03-03 00:00:00+00:00,205.31829833984375
2017-03-06 00:00:00+00:00,204.70689392089844
2017-03-07 00:00:00+00:00,204.09536743164062
2017-03-08 00:00:00+00:00,203.7165069580078
2017-03-09 00:00:00+00:00,203.97488403320312
2017-03-10 00:00:00+00:00,204.6895751953125
2017-03-13 00:00:00+00:00,204.7929229736328
2017-03-14 00:00:00+00:00,204.00927734375
2017-03-15 00:00:00+00:00,205.77467346191406
2017-03-16 00:00:00+00:00,205.3699188232422
2017-03-17 00:00:00+00:00,205.00924682617188
2017-03-20 00:00:00+00:00,204.78440856933594
2017-03-21 00:00:00+00:00,202.155029296875
2017-03-22 00:00:00+00:00,202.63070678710938
2017-03-23 00:00:00+00:00,202.4145965576172
2017-03-24 00:00:00+00:00,202.2675018310547
2017-03-27 00:00:00+00:00,202.05995178222656
2017-03-28 00:00:00+00:00,203.53025817871094
2017-03-29 00:00:00+00:00,203.7205352783203
2017-03-30 00:00:00+00:00,204.3692169189453
2017-03-31 00:00:00+00:00,203.89353942871094
2017-04-03 00:00:00+00:00,203.53892517089844
2017-04-04 00:00:00+00:00,203.6686248779297
2017-04-05 00:00:00+00:00,203.06324768066406
2017-04-06 00:00:00+00:00,203.63406372070312
2017-04-07 00:00:00+00:00,203.4264678955078
2017-04-10 00:00:00+00:00,203.54759216308594
2017-04-11 00:00:00+00:00,203.3053741455078
2017-04-12 00:00:00+00:00,202.4145965576172
2017-04-13 00:00:00+00:00,201.09988403320312
2017-04-17 00:00:00+00:00,202.88160705566406
2017-04-18 00:00:00+00:00,202.276123046875
2017-04-19 00:00:00+00:00,201.9042510986328
2017-04-20 00:00:00+00:00,203.54759216308594
2017-04-21 00:00:00+00:00,202.8988494873047
2017-04-24 00:00:00+00:00,205.13035583496094
2017-04-25 00:00:00+00:00,206.3239288330078
2017-04-26 00:00:00+00:00,206.19419860839844
2017-04-27 00:00:00+00:00,206.36720275878906
2017-04-28 00:00:00+00:00,205.91738891601562
2017-05-01 00:00:00+00:00,206.4363555908203
2017-05-02 00:00:00+00:00,206.5142364501953
2017-05-03 00:00:00+00:00,206.26333618164062
2017-05-04 00:00:00+00:00,206.50555419921875
2017-05-05 00:00:00+00:00,207.3185577392578
2017-05-08 00:00:00+00:00,207.28395080566406
2017-05-09 00:00:00+00:00,207.0937042236328
2017-05-10 00:00:00+00:00,207.46559143066406
2017-05-11 00:00:00+00:00,207.0418243408203
2017-05-12 00:00:00+00:00,206.69583129882812
2017-05-15 00:00:00+00:00,207.8375244140625
2017-05-16 00:00:00+00:00,207.647216796875
2017-05-17 00:00:00+00:00,203.96273803710938
2017-05-18 00:00:00+00:00,204.78440856933594
2017-05-19 00:00:00+00:00,206.1163330078125
2017-05-22 00:00:00+00:00,207.1628875732422
2017-05-23 00:00:00+00:00,207.62124633789062
2017-05-24 00:00:00+00:00,208.10565185546875
2017-05-25 00:00:00+00:00,209.1002960205078
2017-05-26 00:00:00+00:00,209.05703735351562
2017-05-30 00:00:00+00:00,208.87539672851562
2017-05-31 00:00:00+00:00,208.82350158691406
2017-06-01 00:00:00+00:00,210.48419189453125
2017-06-02 00:00:00+00:00,211.18472290039062
2017-06-05 00:00:00+00:00,211.029052734375
2017-06-06 00:00:00+00:00,210.3543701171875
2017-06-07 00:00:00+00:00,210.74356079101562
2017-06-08 00:00:00+00:00,210.84739685058594
2017-06-09 00:00:00+00:00,210.52734375
2017-06-12 00:00:00+00:00,210.48419189453125
2017-06-13 00:00:00+00:00,211.51339721679688
2017-06-14 00:00:00+00:00,211.24526977539062
2017-06-15 00:00:00+00:00,210.83876037597656
2017-06-16 00:00:00+00:00,210.88478088378906
2017-06-19 00:00:00+00:00,212.64048767089844
2017-06-20 00:00:00+00:00,211.20640563964844
2017-06-21 00:00:00+00:00,211.15426635742188
2017-06-22 00:00:00+00:00,211.05862426757812
2017-06-23 00:00:00+00:00,211.3106689453125
2017-06-26 00:00:00+00:00,211.4497528076172
2017-06-27 00:00:00+00:00,209.74630737304688
2017-06-28 00:00:00+00:00,211.62355041503906
2017-06-29 00:00:00+00:00,209.76365661621094
2017-06-30 00:00:00+00:00,210.15476989746094
2017-07-03 00:00:00+00:00,210.51107788085938
2017-07-05 00:00:00+00:00,210.99778747558594
2017-07-06 00:00:00+00:00,209.06832885742188
2017-07-07 00:00:00+00:00,210.4241943359375
2017-07-10 00:00:00+00:00,210.65013122558594
2017-07-11 00:00:00+00:00,210.49368286132812
2017-07-12 00:00:00+00:00,212.0754852294922
2017-07-13 00:00:00+00:00,212.4318389892578
2017-07-14 00:00:00+00:00,213.42263793945312
2017-07-17 00:00:00+00:00,213.39657592773438
2017-07-18 00:00:00+00:00,213.50962829589844
2017-07-19 00:00:00+00:00,214.66552734375
2017-07-20 00:00:00+00:00,214.76112365722656
2017-07-21 00:00:00+00:00,214.5698699951172
2017-07-24 00:00:00+00:00,214.51779174804688
2017-07-25 00:00:00+00:00,215.03924560546875
2017-07-26 00:00:00+00:00,215.04794311523438
2017-07-27 00:00:00+00:00,214.84800720214844
2017-07-28 00:00:00+00:00,214.59600830078125
2017-07-31 00:00:00+00:00,214.47430419921875
2017-08-01 00:00:00+00:00,214.9523468017578
2017-08-02 00:00:00+00:00,215.05661010742188
2017-08-03 00:00:00+00:00,214.63938903808594
2017-08-04 00:00:00+00:00,215.03053283691406
2017-08-07 00:00:00+00:00,215.43035888671875
2017-08-08 00:00:00+00:00,214.900146484375
2017-08-09 00:00:00+00:00,214.89144897460938
2017-08-10 00:00:00+00:00,211.8582763671875
2017-08-11 00:00:00+00:00,212.171142578125
2017-08-14 00:00:00+00:00,214.2744140625
2017-08-15 00:00:00+00:00,214.24832153320312
2017-08-16 00:00:00+00:00,214.6220703125
2017-08-17 00:00:00+00:00,211.27590942382812
2017-08-18 00:00:00+00:00,210.94566345214844
2017-08-21 00:00:00+00:00,211.1107940673828
2017-08-22 00:00:00+00:00,213.31837463378906
2017-08-23 00:00:00+00:00,212.55352783203125
2017-08-24 00:00:00+00:00,212.05816650390625
2017-08-25 00:00:00+00:00,212.55352783203125
2017-08-28 00:00:00+00:00,212.56222534179688
2017-08-29 00:00:00+00:00,212.8055877685547
2017-08-30 00:00:00+00:00,213.8137664794922
2017-08-31 00:00:00+00:00,215.10008239746094
2017-09-01 00:00:00+00:00,215.40428161621094
2017-09-05 00:00:00+00:00,213.85719299316406
2017-09-06 00:00:00+00:00,214.5872802734375
2017-09-07 00:00:00+00:00,214.56117248535156
2017-09-08 00:00:00+00:00,214.3091583251953
2017-09-11 00:00:00+00:00,216.594970703125
2017-09-12 00:00:00+00:00,217.32505798339844
2017-09-13 00:00:00+00:00,217.4293212890625
2017-09-14 00:00:00+00:00,217.3597869873047
2017-09-15 00:00:00+00:00,217.65243530273438
2017-09-18 00:00:00+00:00,218.11526489257812
2017-09-19 00:00:00+00:00,218.33367919921875
2017-09-20 00:00:00+00:00,218.41232299804688
2017-09-21 00:00:00+00:00,217.82711791992188
2017-09-22 00:00:00+00:00,217.87075805664062
2017-09-25 00:00:00+00:00,217.42526245117188
2017-09-26 00:00:00+00:00,217.55633544921875
2017-09-27 00:00:00+00:00,218.403564453125
2017-09-28 00:00:00+00:00,218.6655731201172
2017-09-29 00:00:00+00:00,219.4342041015625
2017-10-02 00:00:00+00:00,220.3863067626953
2017-10-03 00:00:00+00:00,220.85789489746094
2017-10-04 00:00:00+00:00,221.11997985839844
2017-10-05 00:00:00+00:00,222.4301300048828
2017-10-06 00:00:00+00:00,222.1768341064453
2017-10-09 00:00:00+00:00,221.8099822998047
2017-10-10 00:00:00+00:00,222.3952178955078
2017-10-11 00:00:00+00:00,222.7445526123047
2017-10-12 00:00:00+00:00,222.41261291503906
2017-10-13 00:00:00+00:00,222.6834259033203
2017-10-16 00:00:00+00:00,222.98040771484375
2017-10-17 00:00:00+00:00,223.13763427734375
2017-10-18 00:00:00+00:00,223.35594177246094
2017-10-19 00:00:00+00:00,223.41709899902344
2017-10-20 00:00:00+00:00,224.57003784179688
2017-10-23 00:00:00+00:00,223.69659423828125
2017-10-24 00:00:00+00:00,224.0896759033203
2017-10-25 00:00:00+00:00,222.98040771484375
2017-10-26 00:00:00+00:00,223.26853942871094
2017-10-27 00:00:00+00:00,225.0941162109375
2017-10-30 00:00:00+00:00,224.25564575195312
2017-10-31 00:00:00+00:00,224.60498046875
2017-11-01 00:00:00+00:00,224.9019317626953
2017-11-02 00:00:00+00:00,224.9893341064453
2017-11-03 00:00:00+00:00,225.74046325683594
2017-11-06 00:00:00+00:00,226.08982849121094
2017-11-07 00:00:00+00:00,225.9326171875
2017-11-08 00:00:00+00:00,226.3169403076172
2017-11-09 00:00:00+00:00,225.49591064453125
2017-11-10 00:00:00+00:00,225.42605590820312
2017-11-13 00:00:00+00:00,225.63565063476562
2017-11-14 00:00:00+00:00,225.111572265625
2017-11-15 00:00:00+00:00,223.98483276367188
2017-11-16 00:00:00+00:00,225.888916015625
2017-11-17 00:00:00+00:00,225.2251434326172
2017-11-20 00:00:00+00:00,225.6094512939453
2017-11-21 00:00:00+00:00,227.08554077148438
2017-11-22 00:00:00+00:00,226.88470458984375
2017-11-24 00:00:00+00:00,227.40866088867188
2017-11-27 00:00:00+00:00,227.29519653320312
2017-11-28 00:00:00+00:00,229.60107421875
2017-11-29 00:00:00+00:00,229.46133422851562
2017-11-30 00:00:00+00:00,231.47023010253906
2017-12-01 00:00:00+00:00,230.9897918701172
2017-12-04 00:00:00+00:00,230.7102813720703
2017-12-05 00:00:00+00:00,229.88055419921875
2017-12-06 00:00:00+00:00,229.9242706298828
2017-12-07 00:00:00+00:00,230.64923095703125
2017-12-08 00:00:00+00:00,231.90696716308594
2017-12-11 00:00:00+00:00,232.605712890625
2017-12-12 00:00:00+00:00,233.0162353515625
2017-12-13 00:00:00+00:00,232.9900665283203
2017-12-14 00:00:00+00:00,232.03797912597656
2017-12-15 00:00:00+00:00,233.97019958496094
2017-12-18 00:00:00+00:00,235.45388793945312
2017-12-19 00:00:00+00:00,234.5496368408203
2017-12-20 00:00:00+00:00,234.4267578125
2017-12-21 00:00:00+00:00,234.90957641601562
2017-12-22 00:00:00+00:00,234.84812927246094
2017-12-26 00:00:00+00:00,234.56719970703125
2017-12-27 00:00:00+00:00,234.6813201904297
2017-12-28 00:00:00+00:00,235.1641845703125
2017-12-29 00:00:00+00:00,234.27752685546875
2018-01-02 00:00:00+00:00,235.9542694091797
2018-01-03 00:00:00+00:00,237.4467315673828
2018-01-04 00:00:00+00:00,238.44752502441406
2018-01-05 00:00:00+00:00,240.03659057617188
2018-01-08 00:00:00+00:00,240.47552490234375
2018-01-09 00:00:00+00:00,241.01980590820312
2018-01-10 00:00:00+00:00,240.6510467529297
2018-01-11 00:00:00+00:00,242.40689086914062
2018-01-12 00:00:00+00:00,243.98712158203125
2018-01-16 00:00:00+00:00,243.1531219482422
2018-01-17 00:00:00+00:00,245.47080993652344
2018-01-18 00:00:00+00:00,245.05812072753906
2018-01-19 00:00:00+00:00,246.173095703125
2018-01-22 00:00:00+00:00,248.17471313476562
2018-01-23 00:00:00+00:00,248.70147705078125
2018-01-24 00:00:00+00:00,248.60488891601562
2018-01-25 00:00:00+00:00,248.7102508544922
2018-01-26 00:00:00+00:00,251.58973693847656
2018-01-29 00:00:00+00:00,249.92172241210938
2018-01-30 00:00:00+00:00,247.3583526611328
2018-01-31 00:00:00+00:00,247.48117065429688
2018-02-01 00:00:00+00:00,247.2002410888672
2018-02-02 00:00:00+00:00,241.81866455078125
2018-02-05 00:00:00+00:00,231.70526123046875
2018-02-06 00:00:00+00:00,236.2703399658203
2018-02-07 00:00:00+00:00,234.9886016845703
2018-02-08 00:00:00+00:00,226.1744842529297
2018-02-09 00:00:00+00:00,229.57191467285156
2018-02-12 00:00:00+00:00,232.94313049316406
2018-02-13 00:00:00+00:00,233.52247619628906
2018-02-14 00:00:00+00:00,236.67413330078125
2018-02-15 00:00:00+00:00,239.69415283203125
2018-02-16 00:00:00+00:00,239.7643585205078
2018-02-20 00:00:00+00:00,238.26321411132812
2018-02-21 00:00:00+00:00,237.07794189453125
2018-02-22 00:00:00+00:00,237.3852996826172
2018-02-23 00:00:00+00:00,241.1690673828125
2018-02-26 00:00:00+00:00,243.9695281982422
2018-02-27 00:00:00+00:00,240.92315673828125
2018-02-28 00:00:00+00:00,238.48263549804688
2018-03-01 00:00:00+00:00,235.0150146484375
2018-03-02 00:00:00+00:00,236.2263641357422
2018-03-05 00:00:00+00:00,238.95677185058594
2018-03-06 00:00:00+00:00,239.56253051757812
2018-03-07 00:00:00+00:00,239.47463989257812
2018-03-08 00:00:00+00:00,240.633544921875
2018-03-09 00:00:00+00:00,244.82115173339844
2018-03-12 00:00:00+00:00,244.51388549804688
2018-03-13 00:00:00+00:00,242.93360900878906
2018-03-14 00:00:00+00:00,241.6869659423828
2018-03-15 00:00:00+00:00,241.42356872558594
2018-03-16 00:00:00+00:00,241.68545532226562
2018-03-19 00:00:00+00:00,238.4153594970703
2018-03-20 00:00:00+00:00,238.82080078125
2018-03-21 00:00:00+00:00,238.36245727539062
2018-03-22 00:00:00+00:00,232.40406799316406
2018-03-23 00:00:00+00:00,227.45042419433594
2018-03-26 00:00:00+00:00,233.67330932617188
2018-03-27 00:00:00+00:00,229.6981658935547
2018-03-28 00:00:00+00:00,229.0193634033203
2018-03-29 00:00:00+00:00,231.9457244873047
2018-04-02 00:00:00+00:00,226.93923950195312
2018-04-03 00:00:00+00:00,229.8479766845703
2018-04-04 00:00:00+00:00,232.30706787109375
2018-04-05 00:00:00+00:00,234.14051818847656
2018-04-06 00:00:00+00:00,228.9224853515625
2018-04-09 00:00:00+00:00,230.0507049560547
2018-04-10 00:00:00+00:00,233.70852661132812
2018-04-11 00:00:00+00:00,232.48336791992188
2018-04-12 00:00:00+00:00,234.39605712890625
2018-04-13 00:00:00+00:00,233.70852661132812
2018-04-16 00:00:00+00:00,235.6300811767578
2018-04-17 00:00:00+00:00,238.15086364746094
2018-04-18 00:00:00+00:00,238.3271942138672
2018-04-19 00:00:00+00:00,237.005126953125
2018-04-20 00:00:00+00:00,234.99545288085938
2018-04-23 00:00:00+00:00,234.96017456054688
2018-04-24 00:00:00+00:00,231.79586791992188
2018-04-25 00:00:00+00:00,232.3688507080078
2018-04-26 00:00:00+00:00,234.7310333251953
2018-04-27 00:00:00+00:00,234.95138549804688
2018-04-30 00:00:00+00:00,233.1444549560547
2018-05-01 00:00:00+00:00,233.55874633789062
2018-05-02 00:00:00+00:00,231.98976135253906
2018-05-03 00:00:00+00:00,231.478515625
2018-05-04 00:00:00+00:00,234.47544860839844
2018-05-07 00:00:00+00:00,235.26866149902344
2018-05-08 00:00:00+00:00,235.26866149902344
2018-05-09 00:00:00+00:00,237.54266357421875
2018-05-10 00:00:00+00:00,239.76388549804688
2018-05-11 00:00:00+00:00,240.49551391601562
2018-05-14 00:00:00+00:00,240.61007690429688
2018-05-15 00:00:00+00:00,238.9529571533203
2018-05-16 00:00:00+00:00,239.9578399658203
2018-05-17 00:00:00+00:00,239.755126953125
2018-05-18 00:00:00+00:00,239.1558380126953
2018-05-21 00:00:00+00:00,240.953857421875
2018-05-22 00:00:00+00:00,240.2839813232422
2018-05-23 00:00:00+00:00,240.945068359375
2018-05-24 00:00:00+00:00,240.4513397216797
2018-05-25 00:00:00+00:00,239.87850952148438
2018-05-29 00:00:00+00:00,237.1197052001953
2018-05-30 00:00:00+00:00,240.2839813232422
2018-05-31 00:00:00+00:00,238.81199645996094
2018-06-01 00:00:00+00:00,241.15658569335938
2018-06-04 00:00:00+00:00,242.30245971679688
2018-06-05 00:00:00+00:00,242.4786834716797
2018-06-06 00:00:00+00:00,244.50592041015625
2018-06-07 00:00:00+00:00,244.47950744628906
2018-06-08 00:00:00+00:00,245.2022705078125
2018-06-11 00:00:00+00:00,245.5283660888672
2018-06-12 00:00:00+00:00,245.84580993652344
2018-06-13 00:00:00+00:00,245.061279296875
2018-06-14 00:00:00+00:00,245.6781768798828
2018-06-15 00:00:00+00:00,245.36477661132812
2018-06-18 00:00:00+00:00,244.860107421875
2018-06-19 00:00:00+00:00,243.9217529296875
2018-06-20 00:00:00+00:00,244.33782958984375
2018-06-21 00:00:00+00:00,242.80606079101562
2018-06-22 00:00:00+00:00,243.24879455566406
2018-06-25 00:00:00+00:00,239.9374237060547
2018-06-26 00:00:00+00:00,240.46873474121094
2018-06-27 00:00:00+00:00,238.4766387939453
2018-06-28 00:00:00+00:00,239.84002685546875
2018-06-29 00:00:00+00:00,240.1853790283203
2018-07-02 00:00:00+00:00,240.6988983154297
2018-07-03 00:00:00+00:00,239.84890747070312
2018-07-05 00:00:00+00:00,241.8055877685547
2018-07-06 00:00:00+00:00,243.8507843017578
2018-07-09 00:00:00+00:00,246.04661560058594
2018-07-10 00:00:00+00:00,246.9319610595703
2018-07-11 00:00:00+00:00,245.12576293945312
2018-07-12 00:00:00+00:00,247.34808349609375
2018-07-13 00:00:00+00:00,247.5428466796875
2018-07-16 00:00:00+00:00,247.32150268554688
2018-07-17 00:00:00+00:00,248.32203674316406
2018-07-18 00:00:00+00:00,248.84439086914062
2018-07-19 00:00:00+00:00,247.90586853027344
2018-07-20 00:00:00+00:00,247.62254333496094
2018-07-23 00:00:00+00:00,248.0828399658203
2018-07-24 00:00:00+00:00,249.3312530517578
2018-07-25 00:00:00+00:00,251.45631408691406
2018-07-26 00:00:00+00:00,250.86306762695312
2018-07-27 00:00:00+00:00,249.1631317138672
2018-07-30 00:00:00+00:00,247.86160278320312
2018-07-31 00:00:00+00:00,249.08343505859375
2018-08-01 00:00:00+00:00,248.66729736328125
2018-08-02 00:00:00+00:00,250.02200317382812
2018-08-03 00:00:00+00:00,251.09323120117188
2018-08-06 00:00:00+00:00,252.01393127441406
2018-08-07 00:00:00+00:00,252.8462371826172
2018-08-08 00:00:00+00:00,252.74000549316406
2018-08-09 00:00:00+00:00,252.394775390625
2018-08-10 00:00:00+00:00,250.70367431640625
2018-08-13 00:00:00+00:00,249.7652130126953
2018-08-14 00:00:00+00:00,251.35882568359375
2018-08-15 00:00:00+00:00,249.4817657470703
2018-08-16 00:00:00+00:00,251.50054931640625
2018-08-17 00:00:00+00:00,252.3859100341797
2018-08-20 00:00:00+00:00,252.92591857910156
2018-08-21 00:00:00+00:00,253.51910400390625
2018-08-22 00:00:00+00:00,253.36866760253906
2018-08-23 00:00:00+00:00,253.03228759765625
2018-08-24 00:00:00+00:00,254.5550994873047
2018-08-27 00:00:00+00:00,256.5648193359375
2018-08-28 00:00:00+00:00,256.6888732910156
2018-08-29 00:00:00+00:00,258.070068359375
2018-08-30 00:00:00+00:00,257.0252685546875
2018-08-31 00:00:00+00:00,257.0341491699219
2018-09-04 00:00:00+00:00,256.5914611816406
2018-09-05 00:00:00+00:00,255.90086364746094
2018-09-06 00:00:00+00:00,255.13050842285156
2018-09-07 00:00:00+00:00,254.6346893310547
2018-09-10 00:00:00+00:00,255.07737731933594
2018-09-11 00:00:00+00:00,255.91851806640625
2018-09-12 00:00:00+00:00,255.98057556152344
2018-09-13 00:00:00+00:00,257.4945068359375
2018-09-14 00:00:00+00:00,257.538818359375
2018-09-17 00:00:00+00:00,256.1752014160156
2018-09-18 00:00:00+00:00,257.5653381347656
2018-09-19 00:00:00+00:00,257.8398132324219
2018-09-20 00:00:00+00:00,259.92919921875
2018-09-21 00:00:00+00:00,259.69189453125
2018-09-24 00:00:00+00:00,258.82916259765625
2018-09-25 00:00:00+00:00,258.58905029296875
2018-09-26 00:00:00+00:00,257.8153076171875
2018-09-27 00:00:00+00:00,258.5356140136719
2018-09-28 00:00:00+00:00,258.5623474121094
2018-10-01 00:00:00+00:00,259.4606628417969
2018-10-02 00:00:00+00:00,259.3093566894531
2018-10-03 00:00:00+00:00,259.4517517089844
2018-10-04 00:00:00+00:00,257.4239196777344
2018-10-05 00:00:00+00:00,255.98313903808594
2018-10-08 00:00:00+00:00,255.98313903808594
2018-10-09 00:00:00+00:00,255.60955810546875
2018-10-10 00:00:00+00:00,247.51612854003906
2018-10-11 00:00:00+00:00,242.06427001953125
2018-10-12 00:00:00+00:00,245.42608642578125
2018-10-15 00:00:00+00:00,244.04750061035156
2018-10-16 00:00:00+00:00,249.3838653564453
2018-10-17 00:00:00+00:00,249.42835998535156
2018-10-18 00:00:00+00:00,245.82630920410156
2018-10-19 00:00:00+00:00,245.69287109375
2018-10-22 00:00:00+00:00,244.59010314941406
2018-10-23 00:00:00+00:00,243.34481811523438
2018-10-24 00:00:00+00:00,235.97186279296875
2018-10-25 00:00:00+00:00,240.2054443359375
2018-10-26 00:00:00+00:00,235.98077392578125
2018-10-29 00:00:00+00:00,234.67333984375
2018-10-30 00:00:00+00:00,238.15086364746094
2018-10-31 00:00:00+00:00,240.6945343017578
2018-11-01 00:00:00+00:00,243.2560272216797
2018-11-02 00:00:00+00:00,241.81520080566406
2018-11-05 00:00:00+00:00,243.14927673339844
2018-11-06 00:00:00+00:00,244.68792724609375
2018-11-07 00:00:00+00:00,249.92640686035156
2018-11-08 00:00:00+00:00,249.47274780273438
2018-11-09 00:00:00+00:00,247.035888671875
2018-11-12 00:00:00+00:00,242.41995239257812
2018-11-13 00:00:00+00:00,241.9663543701172
2018-11-14 00:00:00+00:00,240.31207275390625
2018-11-15 00:00:00+00:00,242.8201904296875
2018-11-16 00:00:00+00:00,243.45164489746094
2018-11-19 00:00:00+00:00,239.33380126953125
2018-11-20 00:00:00+00:00,234.9046630859375
2018-11-21 00:00:00+00:00,235.705078125
2018-11-23 00:00:00+00:00,234.13088989257812
2018-11-26 00:00:00+00:00,237.9108123779297
2018-11-27 00:00:00+00:00,238.71121215820312
2018-11-28 00:00:00+00:00,244.2075958251953
2018-11-29 00:00:00+00:00,243.6740264892578
2018-11-30 00:00:00+00:00,245.15927124023438
2018-12-03 00:00:00+00:00,248.40545654296875
2018-12-04 00:00:00+00:00,240.3566131591797
2018-12-06 00:00:00+00:00,239.99191284179688
2018-12-07 00:00:00+00:00,234.41551208496094
2018-12-10 00:00:00+00:00,234.86024475097656
2018-12-11 00:00:00+00:00,234.9135284423828
2018-12-12 00:00:00+00:00,236.09642028808594
2018-12-13 00:00:00+00:00,236.016357421875
2018-12-14 00:00:00+00:00,231.6584014892578
2018-12-17 00:00:00+00:00,227.1136016845703
2018-12-18 00:00:00+00:00,226.8645782470703
2018-12-19 00:00:00+00:00,223.46717834472656
2018-12-20 00:00:00+00:00,219.82955932617188
2018-12-21 00:00:00+00:00,215.32533264160156
2018-12-24 00:00:00+00:00,209.63583374023438
2018-12-26 00:00:00+00:00,220.22769165039062
2018-12-27 00:00:00+00:00,221.91844177246094
2018-12-28 00:00:00+00:00,221.63211059570312
2018-12-31 00:00:00+00:00,223.57337951660156
2019-01-02 00:00:00+00:00,223.8059539794922
2019-01-03 00:00:00+00:00,218.46533203125
2019-01-04 00:00:00+00:00,225.78298950195312
2019-01-07 00:00:00+00:00,227.56321716308594
2019-01-08 00:00:00+00:00,229.70123291015625
2019-01-09 00:00:00+00:00,230.7747344970703
2019-01-10 00:00:00+00:00,231.5888214111328
2019-01-11 00:00:00+00:00,231.6782684326172
2019-01-14 00:00:00+00:00,230.2648162841797
2019-01-15 00:00:00+00:00,232.90383911132812
2019-01-16 00:00:00+00:00,233.46743774414062
2019-01-17 00:00:00+00:00,235.23866271972656
2019-01-18 00:00:00+00:00,238.3697052001953
2019-01-22 00:00:00+00:00,235.1492156982422
2019-01-23 00:00:00+00:00,235.6412353515625
2019-01-24 00:00:00+00:00,235.7664794921875
2019-01-25 00:00:00+00:00,237.7613983154297
2019-01-28 00:00:00+00:00,235.95433044433594
2019-01-29 00:00:00+00:00,235.6412353515625
2019-01-30 00:00:00+00:00,239.37158203125
2019-01-31 00:00:00+00:00,241.47390747070312
2019-02-01 00:00:00+00:00,241.5902557373047
2019-02-04 00:00:00+00:00,243.2898712158203
2019-02-05 00:00:00+00:00,244.30978393554688
2019-02-06 00:00:00+00:00,243.98770141601562
2019-02-07 00:00:00+00:00,241.66172790527344
2019-02-08 00:00:00+00:00,241.9569854736328
2019-02-11 00:00:00+00:00,242.09115600585938
2019-02-12 00:00:00+00:00,245.20431518554688
2019-02-13 00:00:00+00:00,246.00048828125
2019-02-14 00:00:00+00:00,245.4547882080078
2019-02-15 00:00:00+00:00,248.1295623779297
2019-02-19 00:00:00+00:00,248.55894470214844
2019-02-20 00:00:00+00:00,249.0600128173828
2019-02-21 00:00:00+00:00,248.1742706298828
2019-02-22 00:00:00+00:00,249.71298217773438
2019-02-25 00:00:00+00:00,250.05294799804688
2019-02-26 00:00:00+00:00,249.87399291992188
2019-02-27 00:00:00+00:00,249.7666473388672
2019-02-28 00:00:00+00:00,249.30149841308594
2019-03-01 00:00:00+00:00,250.85806274414062
2019-03-04 00:00:00+00:00,249.94557189941406
2019-03-05 00:00:00+00:00,249.6056671142578
2019-03-06 00:00:00+00:00,248.09375
2019-03-07 00:00:00+00:00,246.01841735839844
2019-03-08 00:00:00+00:00,245.52633666992188
2019-03-11 00:00:00+00:00,249.0868682861328
2019-03-12 00:00:00+00:00,250.0260772705078
2019-03-13 00:00:00+00:00,251.68101501464844
2019-03-14 00:00:00+00:00,251.5200958251953
2019-03-15 00:00:00+00:00,252.76275634765625
2019-03-18 00:00:00+00:00,253.6791229248047
2019-03-19 00:00:00+00:00,253.74212646484375
2019-03-20 00:00:00+00:00,252.97828674316406
2019-03-21 00:00:00+00:00,255.83566284179688
2019-03-22 00:00:00+00:00,250.91177368164062
2019-03-25 00:00:00+00:00,250.72305297851562
2019-03-26 00:00:00+00:00,252.592041015625
2019-03-27 00:00:00+00:00,251.27110290527344
2019-03-28 00:00:00+00:00,252.22354125976562
2019-03-29 00:00:00+00:00,253.81398010253906
2019-04-01 00:00:00+00:00,256.823974609375
2019-04-02 00:00:00+00:00,256.94976806640625
2019-04-03 00:00:00+00:00,257.3541259765625
2019-04-04 00:00:00+00:00,258.0369873046875
2019-04-05 00:00:00+00:00,259.2859802246094
2019-04-08 00:00:00+00:00,259.483642578125
2019-04-09 00:00:00+00:00,258.1538391113281
2019-04-10 00:00:00+00:00,259.0343322753906
2019-04-11 00:00:00+00:00,258.9624328613281
2019-04-12 00:00:00+00:00,260.71466064453125
2019-04-15 00:00:00+00:00,260.5439147949219
2019-04-16 00:00:00+00:00,260.71466064453125
2019-04-17 00:00:00+00:00,260.07666015625
2019-04-18 00:00:00+00:00,260.5887451171875
2019-04-22 00:00:00+00:00,260.81341552734375
2019-04-23 00:00:00+00:00,263.1585693359375
2019-04-24 00:00:00+00:00,262.5745849609375
2019-04-25 00:00:00+00:00,262.4128112792969
2019-04-26 00:00:00+00:00,263.6347961425781
2019-04-29 00:00:00+00:00,264.0481262207031
2019-04-30 00:00:00+00:00,264.1829528808594
2019-05-01 00:00:00+00:00,262.1971740722656
2019-05-02 00:00:00+00:00,261.63104248046875
2019-05-03 00:00:00+00:00,264.1918640136719
2019-05-06 00:00:00+00:00,263.1047058105469
2019-05-07 00:00:00+00:00,258.7109069824219
2019-05-08 00:00:00+00:00,258.3514709472656
2019-05-09 00:00:00+00:00,257.5697021484375
2019-05-10 00:00:00+00:00,258.8636169433594
2019-05-13 00:00:00+00:00,252.3583984375
2019-05-14 00:00:00+00:00,254.6405792236328
2019-05-15 00:00:00+00:00,256.1322021484375
2019-05-16 00:00:00+00:00,258.5042419433594
2019-05-17 00:00:00+00:00,256.8330078125
2019-05-20 00:00:00+00:00,255.1348419189453
2019-05-21 00:00:00+00:00,257.4349670410156
2019-05-22 00:00:00+00:00,256.644287109375
2019-05-23 00:00:00+00:00,253.5084991455078
2019-05-24 00:00:00+00:00,254.08352661132812
2019-05-28 00:00:00+00:00,251.72035217285156
2019-05-29 00:00:00+00:00,250.03114318847656
2019-05-30 00:00:00+00:00,250.71409606933594
2019-05-31 00:00:00+00:00,247.33560180664062
2019-06-03 00:00:00+00:00,246.70663452148438
2019-06-04 00:00:00+00:00,252.06187438964844
2019-06-05 00:00:00+00:00,254.24526977539062
2019-06-06 00:00:00+00:00,255.8985137939453
2019-06-07 00:00:00+00:00,258.45928955078125
2019-06-10 00:00:00+00:00,259.6452941894531
2019-06-11 00:00:00+00:00,259.58245849609375
2019-06-12 00:00:00+00:00,259.124267578125
2019-06-13 00:00:00+00:00,260.1934509277344
2019-06-14 00:00:00+00:00,259.90594482421875
2019-06-17 00:00:00+00:00,260.0047607421875
2019-06-18 00:00:00+00:00,262.7272644042969
2019-06-19 00:00:00+00:00,263.32037353515625
2019-06-20 00:00:00+00:00,265.836181640625
2019-06-21 00:00:00+00:00,265.44970703125
2019-06-24 00:00:00+00:00,265.12469482421875
2019-06-25 00:00:00+00:00,262.52435302734375
2019-06-26 00:00:00+00:00,262.2625427246094
2019-06-27 00:00:00+00:00,263.1924743652344
2019-06-28 00:00:00+00:00,264.5467834472656
2019-07-01 00:00:00+00:00,266.9486083984375
2019-07-02 00:00:00+00:00,267.64373779296875
2019-07-03 00:00:00+00:00,269.7835388183594
2019-07-05 00:00:00+00:00,269.47662353515625
2019-07-08 00:00:00+00:00,267.9958801269531
2019-07-09 00:00:00+00:00,268.32989501953125
2019-07-10 00:00:00+00:00,269.612060546875
2019-07-11 00:00:00+00:00,270.2441101074219
2019-07-12 00:00:00+00:00,271.4539489746094
2019-07-15 00:00:00+00:00,271.5442810058594
2019-07-16 00:00:00+00:00,270.6684265136719
2019-07-17 00:00:00+00:00,268.8265075683594
2019-07-18 00:00:00+00:00,269.81060791015625
2019-07-19 00:00:00+00:00,268.3118591308594
2019-07-22 00:00:00+00:00,268.9709777832031
2019-07-23 00:00:00+00:00,270.8941650390625
2019-07-24 00:00:00+00:00,272.1672058105469
2019-07-25 00:00:00+00:00,270.8670959472656
2019-07-26 00:00:00+00:00,272.681884765625
2019-07-29 00:00:00+00:00,272.1853332519531
2019-07-30 00:00:00+00:00,271.5171813964844
2019-07-31 00:00:00+00:00,268.546630859375
2019-08-01 00:00:00+00:00,266.2081298828125
2019-08-02 00:00:00+00:00,264.20367431640625
2019-08-05 00:00:00+00:00,256.2582702636719
2019-08-06 00:00:00+00:00,259.85186767578125
2019-08-07 00:00:00+00:00,260.00531005859375
2019-08-08 00:00:00+00:00,265.10662841796875
2019-08-09 00:00:00+00:00,263.30084228515625
2019-08-12 00:00:00+00:00,260.0955505371094
2019-08-13 00:00:00+00:00,264.1404724121094
2019-08-14 00:00:00+00:00,256.33050537109375
2019-08-15 00:00:00+00:00,257.0075988769531
2019-08-16 00:00:00+00:00,260.79986572265625
2019-08-19 00:00:00+00:00,263.94189453125
2019-08-20 00:00:00+00:00,261.91943359375
2019-08-21 00:00:00+00:00,264.0502014160156
2019-08-22 00:00:00+00:00,263.968994140625
2019-08-23 00:00:00+00:00,257.18829345703125
2019-08-26 00:00:00+00:00,260.0323791503906
2019-08-27 00:00:00+00:00,259.01214599609375
2019-08-28 00:00:00+00:00,260.8359680175781
2019-08-29 00:00:00+00:00,264.16754150390625
2019-08-30 00:00:00+00:00,264.0502014160156
2019-09-03 00:00:00+00:00,262.50634765625
2019-09-04 00:00:00+00:00,265.4858703613281
2019-09-05 00:00:00+00:00,268.8988037109375
2019-09-06 00:00:00+00:00,269.1064453125
2019-09-09 00:00:00+00:00,269.24188232421875
2019-09-10 00:00:00+00:00,269.17864990234375
2019-09-11 00:00:00+00:00,271.0927734375
2019-09-12 00:00:00+00:00,272.0318298339844
2019-09-13 00:00:00+00:00,271.8512878417969
2019-09-16 00:00:00+00:00,271.0115661621094
2019-09-17 00:00:00+00:00,271.69769287109375
2019-09-18 00:00:00+00:00,271.8603210449219
2019-09-19 00:00:00+00:00,271.84222412109375
2019-09-20 00:00:00+00:00,270.5578308105469
2019-09-23 00:00:00+00:00,270.4942932128906
2019-09-24 00:00:00+00:00,268.371826171875
2019-09-25 00:00:00+00:00,269.9591369628906
2019-09-26 00:00:00+00:00,269.396728515625
2019-09-27 00:00:00+00:00,267.94549560546875
2019-09-30 00:00:00+00:00,269.1880798339844
2019-10-01 00:00:00+00:00,265.9861145019531
2019-10-02 00:00:00+00:00,261.2876281738281
2019-10-03 00:00:00+00:00,263.42840576171875
2019-10-04 00:00:00+00:00,266.9930725097656
2019-10-07 00:00:00+00:00,265.8410339355469
2019-10-08 00:00:00+00:00,261.7139892578125
2019-10-09 00:00:00+00:00,264.1993103027344
2019-10-10 00:00:00+00:00,265.9861145019531
2019-10-11 00:00:00+00:00,268.7437438964844
2019-10-14 00:00:00+00:00,268.4443664550781
2019-10-15 00:00:00+00:00,271.1020202636719
2019-10-16 00:00:00+00:00,270.6666259765625
2019-10-17 00:00:00+00:00,271.46490478515625
2019-10-18 00:00:00+00:00,270.276611328125
2019-10-21 00:00:00+00:00,272.1088562011719
2019-10-22 00:00:00+00:00,271.2198791503906
2019-10-23 00:00:00+00:00,272.0091247558594
2019-10-24 00:00:00+00:00,272.45355224609375
2019-10-25 00:00:00+00:00,273.56927490234375
2019-10-28 00:00:00+00:00,275.1112365722656
2019-10-29 00:00:00+00:00,275.0295715332031
2019-10-30 00:00:00+00:00,275.8731384277344
2019-10-31 00:00:00+00:00,275.13836669921875
2019-11-01 00:00:00+00:00,277.6872863769531
2019-11-04 00:00:00+00:00,278.8028869628906
2019-11-05 00:00:00+00:00,278.4945373535156
2019-11-06 00:00:00+00:00,278.55810546875
2019-11-07 00:00:00+00:00,279.5376281738281
2019-11-08 00:00:00+00:00,280.22705078125
2019-11-11 00:00:00+00:00,279.6919250488281
2019-11-12 00:00:00+00:00,280.281494140625
2019-11-13 00:00:00+00:00,280.3722229003906
2019-11-14 00:00:00+00:00,280.7803955078125
2019-11-15 00:00:00+00:00,282.81219482421875
2019-11-18 00:00:00+00:00,283.02081298828125
2019-11-19 00:00:00+00:00,282.9391174316406
2019-11-20 00:00:00+00:00,281.8869934082031
2019-11-21 00:00:00+00:00,281.4334411621094
2019-11-22 00:00:00+00:00,282.0592956542969
2019-11-25 00:00:00+00:00,284.2453308105469
2019-11-26 00:00:00+00:00,284.8892517089844
2019-11-27 00:00:00+00:00,286.1592712402344
2019-11-29 00:00:00+00:00,285.0980224609375
2019-12-02 00:00:00+00:00,282.67608642578125
2019-12-03 00:00:00+00:00,280.7803955078125
2019-12-04 00:00:00+00:00,282.5128173828125
2019-12-05 00:00:00+00:00,283.02081298828125
2019-12-06 00:00:00+00:00,285.60595703125
2019-12-09 00:00:00+00:00,284.7079162597656
2019-12-10 00:00:00+00:00,284.390380859375
2019-12-11 00:00:00+00:00,285.1977844238281
2019-12-12 00:00:00+00:00,287.6559143066406
2019-12-13 00:00:00+00:00,287.8281555175781
2019-12-16 00:00:00+00:00,289.80560302734375
2019-12-17 00:00:00+00:00,289.869140625
2019-12-18 00:00:00+00:00,289.88720703125
2019-12-19 00:00:00+00:00,291.07550048828125
2019-12-20 00:00:00+00:00,292.3516845703125
2019-12-23 00:00:00+00:00,292.7982482910156
2019-12-24 00:00:00+00:00,292.807373046875
2019-12-26 00:00:00+00:00,294.3660888671875
2019-12-27 00:00:00+00:00,294.2930603027344
2019-12-30 00:00:00+00:00,292.6706237792969
2019-12-31 00:00:00+00:00,293.381591796875
2020-01-02 00:00:00+00:00,296.1252746582031
2020-01-03 00:00:00+00:00,293.8829345703125
2020-01-06 00:00:00+00:00,295.0041198730469
2020-01-07 00:00:00+00:00,294.1746826171875
2020-01-08 00:00:00+00:00,295.7424621582031
2020-01-09 00:00:00+00:00,297.74786376953125
2020-01-10 00:00:00+00:00,296.8909606933594
2020-01-13 00:00:00+00:00,298.9328308105469
2020-01-14 00:00:00+00:00,298.47705078125
2020-01-15 00:00:00+00:00,299.1515197753906
2020-01-16 00:00:00+00:00,301.6400146484375
2020-01-17 00:00:00+00:00,302.57879638671875
2020-01-21 00:00:00+00:00,301.98638916015625
2020-01-22 00:00:00+00:00,302.0228576660156
2020-01-23 00:00:00+00:00,302.3692626953125
2020-01-24 00:00:00+00:00,299.6803283691406
2020-01-27 00:00:00+00:00,294.87652587890625
2020-01-28 00:00:00+00:00,297.966552734375
2020-01-29 00:00:00+00:00,297.720458984375
2020-01-30 00:00:00+00:00,298.6866760253906
2020-01-31 00:00:00+00:00,293.2630920410156
2020-02-03 00:00:00+00:00,295.4416198730469
2020-02-04 00:00:00+00:00,299.944580078125
2020-02-05 00:00:00+00:00,303.4082946777344
2020-02-06 00:00:00+00:00,304.4293518066406
2020-02-07 00:00:00+00:00,302.8067626953125
2020-02-10 00:00:00+00:00,305.0673828125
2020-02-11 00:00:00+00:00,305.5959777832031
2020-02-12 00:00:00+00:00,307.5648193359375
2020-02-13 00:00:00+00:00,307.2366943359375
2020-02-14 00:00:00+00:00,307.7289733886719
2020-02-18 00:00:00+00:00,306.93597412109375
2020-02-19 00:00:00+00:00,308.4034423828125
2020-02-20 00:00:00+00:00,307.1364440917969
2020-02-21 00:00:00+00:00,303.97344970703125
2020-02-24 00:00:00+00:00,293.89202880859375
2020-02-25 00:00:00+00:00,284.9865417480469
2020-02-26 00:00:00+00:00,283.93829345703125
2020-02-27 00:00:00+00:00,271.1861572265625
2020-02-28 00:00:00+00:00,270.04669189453125
2020-03-02 00:00:00+00:00,281.7415466308594
2020-03-03 00:00:00+00:00,273.674560546875
2020-03-04 00:00:00+00:00,285.1780090332031
2020-03-05 00:00:00+00:00,275.6981506347656
2020-03-06 00:00:00+00:00,271.1405334472656
2020-03-09 00:00:00+00:00,249.96597290039062
2020-03-10 00:00:00+00:00,262.9004211425781
2020-03-11 00:00:00+00:00,250.08447265625
2020-03-12 00:00:00+00:00,226.1571044921875
2020-03-13 00:00:00+00:00,245.49037170410156
2020-03-16 00:00:00+00:00,218.6279296875
2020-03-17 00:00:00+00:00,230.43209838867188
2020-03-18 00:00:00+00:00,218.76467895507812
2020-03-19 00:00:00+00:00,219.22950744628906
2020-03-20 00:00:00+00:00,209.78196716308594
2020-03-23 00:00:00+00:00,204.4182891845703
2020-03-24 00:00:00+00:00,222.9392547607422
2020-03-25 00:00:00+00:00,226.27664184570312
2020-03-26 00:00:00+00:00,239.48887634277344
2020-03-27 00:00:00+00:00,232.35556030273438
2020-03-30 00:00:00+00:00,239.90142822265625
2020-03-31 00:00:00+00:00,236.32565307617188
2020-04-01 00:00:00+00:00,225.68983459472656
2020-04-02 00:00:00+00:00,230.89772033691406
2020-04-03 00:00:00+00:00,227.56028747558594
2020-04-06 00:00:00+00:00,242.8446502685547
2020-04-07 00:00:00+00:00,243.0922088623047
2020-04-08 00:00:00+00:00,251.25244140625
2020-04-09 00:00:00+00:00,255.0757293701172
2020-04-13 00:00:00+00:00,252.7469482421875
2020-04-14 00:00:00+00:00,260.2011413574219
2020-04-15 00:00:00+00:00,254.6724090576172
2020-04-16 00:00:00+00:00,255.90098571777344
2020-04-17 00:00:00+00:00,262.8143310546875
2020-04-20 00:00:00+00:00,258.18408203125
2020-04-21 00:00:00+00:00,250.3448028564453
2020-04-22 00:00:00+00:00,255.90098571777344
2020-04-23 00:00:00+00:00,255.88265991210938
2020-04-24 00:00:00+00:00,259.4493713378906
2020-04-27 00:00:00+00:00,263.1902160644531
2020-04-28 00:00:00+00:00,261.97991943359375
2020-04-29 00:00:00+00:00,268.8382568359375
2020-04-30 00:00:00+00:00,266.3350830078125
2020-05-01 00:00:00+00:00,259.2843322753906
2020-05-04 00:00:00+00:00,259.9995422363281
2020-05-05 00:00:00+00:00,262.4017333984375
2020-05-06 00:00:00+00:00,260.62298583984375
2020-05-07 00:00:00+00:00,263.767822265625
2020-05-08 00:00:00+00:00,268.13226318359375
2020-05-11 00:00:00+00:00,268.18719482421875
2020-05-12 00:00:00+00:00,262.841796875
2020-05-13 00:00:00+00:00,258.19329833984375
2020-05-14 00:00:00+00:00,261.2830810546875
2020-05-15 00:00:00+00:00,262.4842529296875
2020-05-18 00:00:00+00:00,270.4794616699219
2020-05-19 00:00:00+00:00,267.70123291015625
2020-05-20 00:00:00+00:00,272.2490234375
2020-05-21 00:00:00+00:00,270.36944580078125
2020-05-22 00:00:00+00:00,270.8828430175781
2020-05-26 00:00:00+00:00,274.2203063964844
2020-05-27 00:00:00+00:00,278.3003845214844
2020-05-28 00:00:00+00:00,277.7868957519531
2020-05-29 00:00:00+00:00,279.0246887207031
2020-06-01 00:00:00+00:00,280.1525573730469
2020-06-02 00:00:00+00:00,282.4721984863281
2020-06-03 00:00:00+00:00,286.23126220703125
2020-06-04 00:00:00+00:00,285.4795227050781
2020-06-05 00:00:00+00:00,292.7962341308594
2020-06-08 00:00:00+00:00,296.3353576660156
2020-06-09 00:00:00+00:00,294.1256408691406
2020-06-10 00:00:00+00:00,292.48443603515625
2020-06-11 00:00:00+00:00,275.6230773925781
2020-06-12 00:00:00+00:00,278.923828125
2020-06-15 00:00:00+00:00,281.52783203125
2020-06-16 00:00:00+00:00,286.9465026855469
2020-06-17 00:00:00+00:00,285.754638671875
2020-06-18 00:00:00+00:00,285.8646240234375
2020-06-19 00:00:00+00:00,284.2309265136719
2020-06-22 00:00:00+00:00,286.0543212890625
2020-06-23 00:00:00+00:00,287.37127685546875
2020-06-24 00:00:00+00:00,280.0407409667969
2020-06-25 00:00:00+00:00,283.04296875
2020-06-26 00:00:00+00:00,276.3202819824219
2020-06-29 00:00:00+00:00,280.38153076171875
2020-06-30 00:00:00+00:00,283.97308349609375
2020-07-01 00:00:00+00:00,285.9622802734375
2020-07-02 00:00:00+00:00,287.5369873046875
2020-07-06 00:00:00+00:00,291.9757995605469
2020-07-07 00:00:00+00:00,288.9644775390625
2020-07-08 00:00:00+00:00,291.1746520996094
2020-07-09 00:00:00+00:00,289.5169982910156
2020-07-10 00:00:00+00:00,292.47314453125
2020-07-13 00:00:00+00:00,289.9406433105469
2020-07-14 00:00:00+00:00,293.6979064941406
2020-07-15 00:00:00+00:00,296.3962707519531
2020-07-16 00:00:00+00:00,295.41998291015625
2020-07-17 00:00:00+00:00,296.2764587402344
2020-07-20 00:00:00+00:00,298.6708679199219
2020-07-21 00:00:00+00:00,299.30633544921875
2020-07-22 00:00:00+00:00,301.0099792480469
2020-07-23 00:00:00+00:00,297.41839599609375
2020-07-24 00:00:00+00:00,295.5030212402344
2020-07-27 00:00:00+00:00,297.6578369140625
2020-07-28 00:00:00+00:00,295.77001953125
2020-07-29 00:00:00+00:00,299.4075622558594
2020-07-30 00:00:00+00:00,298.33935546875
2020-07-31 00:00:00+00:00,300.6968994140625
2020-08-03 00:00:00+00:00,302.787353515625
2020-08-04 00:00:00+00:00,303.9569091796875
2020-08-05 00:00:00+00:00,305.84478759765625
2020-08-06 00:00:00+00:00,307.8892517089844
2020-08-07 00:00:00+00:00,308.1102600097656
2020-08-10 00:00:00+00:00,309.03118896484375
2020-08-11 00:00:00+00:00,306.480224609375
2020-08-12 00:00:00+00:00,310.75323486328125
2020-08-13 00:00:00+00:00,310.19146728515625
2020-08-14 00:00:00+00:00,310.2007141113281
2020-08-17 00:00:00+00:00,311.1860656738281
2020-08-18 00:00:00+00:00,311.85833740234375
2020-08-19 00:00:00+00:00,310.5598449707031
2020-08-20 00:00:00+00:00,311.5268249511719
2020-08-21 00:00:00+00:00,312.6319885253906
2020-08-24 00:00:00+00:00,315.7998352050781
2020-08-25 00:00:00+00:00,316.9049072265625
2020-08-26 00:00:00+00:00,320.0821228027344
2020-08-27 00:00:00+00:00,320.781982421875
2020-08-28 00:00:00+00:00,322.85400390625
2020-08-31 00:00:00+00:00,321.68450927734375
2020-09-01 00:00:00+00:00,324.71435546875
2020-09-02 00:00:00+00:00,329.4110412597656
2020-09-03 00:00:00+00:00,318.074462890625
2020-09-04 00:00:00+00:00,315.4775390625
2020-09-08 00:00:00+00:00,306.85784912109375
2020-09-09 00:00:00+00:00,312.9174499511719
2020-09-10 00:00:00+00:00,307.4840087890625
2020-09-11 00:00:00+00:00,307.640625
2020-09-14 00:00:00+00:00,311.69256591796875
2020-09-15 00:00:00+00:00,313.2674255371094
2020-09-16 00:00:00+00:00,312.0242004394531
2020-09-17 00:00:00+00:00,309.27978515625
2020-09-18 00:00:00+00:00,305.71917724609375
2020-09-21 00:00:00+00:00,302.31658935546875
2020-09-22 00:00:00+00:00,305.3955078125
2020-09-23 00:00:00+00:00,298.31304931640625
2020-09-24 00:00:00+00:00,299.10821533203125
2020-09-25 00:00:00+00:00,303.9439392089844
2020-09-28 00:00:00+00:00,308.9921875
2020-09-29 00:00:00+00:00,307.3094787597656
2020-09-30 00:00:00+00:00,309.6394958496094
2020-10-01 00:00:00+00:00,311.6274108886719
2020-10-02 00:00:00+00:00,308.6686706542969
2020-10-05 00:00:00+00:00,314.1422119140625
2020-10-06 00:00:00+00:00,309.6764831542969
2020-10-07 00:00:00+00:00,315.0668640136719
2020-10-08 00:00:00+00:00,317.8591613769531
2020-10-09 00:00:00+00:00,320.6976623535156
2020-10-12 00:00:00+00:00,325.8570251464844
2020-10-13 00:00:00+00:00,323.7303466796875
2020-10-14 00:00:00+00:00,321.6962890625
2020-10-15 00:00:00+00:00,321.2986755371094
2020-10-16 00:00:00+00:00,321.1045227050781
2020-10-19 00:00:00+00:00,316.2226257324219
2020-10-20 00:00:00+00:00,317.4893493652344
2020-10-21 00:00:00+00:00,316.8883056640625
2020-10-22 00:00:00+00:00,318.62652587890625
2020-10-23 00:00:00+00:00,319.70843505859375
2020-10-26 00:00:00+00:00,313.8001403808594
2020-10-27 00:00:00+00:00,312.7184143066406
2020-10-28 00:00:00+00:00,302.030029296875
2020-10-29 00:00:00+00:00,305.0997314453125
2020-10-30 00:00:00+00:00,301.9190979003906
2020-11-02 00:00:00+00:00,305.3031311035156
2020-11-03 00:00:00+00:00,310.6934814453125
2020-11-04 00:00:00+00:00,317.6372985839844
2020-11-05 00:00:00+00:00,323.8321533203125
2020-11-06 00:00:00+00:00,323.7581787109375
2020-11-09 00:00:00+00:00,327.826416015625
2020-11-10 00:00:00+00:00,327.3455810546875
2020-11-11 00:00:00+00:00,329.77728271484375
2020-11-12 00:00:00+00:00,326.57818603515625
2020-11-13 00:00:00+00:00,331.0994567871094
2020-11-16 00:00:00+00:00,335.2325134277344
2020-11-17 00:00:00+00:00,333.429443359375
2020-11-18 00:00:00+00:00,329.4166259765625
2020-11-19 00:00:00+00:00,330.8036804199219
2020-11-20 00:00:00+00:00,328.5383605957031
2020-11-23 00:00:00+00:00,330.5077209472656
2020-11-24 00:00:00+00:00,335.83343505859375
2020-11-25 00:00:00+00:00,335.3155822753906
2020-11-27 00:00:00+00:00,336.2494812011719
2020-11-30 00:00:00+00:00,334.7608642578125
2020-12-01 00:00:00+00:00,338.42230224609375
2020-12-02 00:00:00+00:00,339.1341857910156
2020-12-03 00:00:00+00:00,339.041748046875
2020-12-04 00:00:00+00:00,341.96356201171875
2020-12-07 00:00:00+00:00,341.2607421875
2020-12-08 00:00:00+00:00,342.2594299316406
2020-12-09 00:00:00+00:00,339.189697265625
2020-12-10 00:00:00+00:00,339.07879638671875
2020-12-11 00:00:00+00:00,338.6811828613281
2020-12-14 00:00:00+00:00,337.164794921875
2020-12-15 00:00:00+00:00,341.72308349609375
2020-12-16 00:00:00+00:00,342.2594299316406
2020-12-17 00:00:00+00:00,344.1733703613281
2020-12-18 00:00:00+00:00,342.799072265625
2020-12-21 00:00:00+00:00,341.57330322265625
2020-12-22 00:00:00+00:00,340.9976806640625
2020-12-23 00:00:00+00:00,341.3041076660156
2020-12-24 00:00:00+00:00,342.63189697265625
2020-12-28 00:00:00+00:00,345.57537841796875
2020-12-29 00:00:00+00:00,344.91607666015625
2020-12-30 00:00:00+00:00,345.4082336425781
2020-12-31 00:00:00+00:00,347.1631774902344
2021-01-04 00:00:00+00:00,342.43695068359375
2021-01-05 00:00:00+00:00,344.79534912109375
2021-01-06 00:00:00+00:00,346.856689453125
2021-01-07 00:00:00+00:00,352.0102233886719
2021-01-08 00:00:00+00:00,354.015869140625
2021-01-11 00:00:00+00:00,351.6294860839844
2021-01-12 00:00:00+00:00,351.70379638671875
2021-01-13 00:00:00+00:00,352.65093994140625
2021-01-14 00:00:00+00:00,351.41595458984375
2021-01-15 00:00:00+00:00,348.8531494140625
2021-01-19 00:00:00+00:00,351.59228515625
2021-01-20 00:00:00+00:00,356.4579162597656
2021-01-21 00:00:00+00:00,356.7828674316406
2021-01-22 00:00:00+00:00,355.5201110839844
2021-01-25 00:00:00+00:00,356.9222106933594
2021-01-26 00:00:00+00:00,356.3650817871094
2021-01-27 00:00:00+00:00,347.6553955078125
2021-01-28 00:00:00+00:00,350.6452331542969
2021-01-29 00:00:00+00:00,343.6254577636719
2021-02-01 00:00:00+00:00,349.34521484375
2021-02-02 00:00:00+00:00,354.2851257324219
2021-02-03 00:00:00+00:00,354.56365966796875
2021-02-04 00:00:00+00:00,358.59356689453125
2021-02-05 00:00:00+00:00,360.00494384765625
2021-02-08 00:00:00+00:00,362.6048889160156
2021-02-09 00:00:00+00:00,362.3634033203125
2021-02-10 00:00:00+00:00,362.20550537109375
2021-02-11 00:00:00+00:00,362.7905578613281
2021-02-12 00:00:00+00:00,364.58258056640625
2021-02-16 00:00:00+00:00,364.2669372558594
2021-02-17 00:00:00+00:00,364.3504943847656
2021-02-18 00:00:00+00:00,362.7998962402344
2021-02-19 00:00:00+00:00,362.1591796875
2021-02-22 00:00:00+00:00,359.3734436035156
2021-02-23 00:00:00+00:00,359.8099670410156
2021-02-24 00:00:00+00:00,363.77484130859375
2021-02-25 00:00:00+00:00,355.0094299316406
2021-02-26 00:00:00+00:00,353.18017578125
2021-03-01 00:00:00+00:00,361.74127197265625
2021-03-02 00:00:00+00:00,358.9185485839844
2021-03-03 00:00:00+00:00,354.1643981933594
2021-03-04 00:00:00+00:00,349.7817077636719
2021-03-05 00:00:00+00:00,356.21649169921875
2021-03-08 00:00:00+00:00,354.4429626464844
2021-03-09 00:00:00+00:00,359.5035400390625
2021-03-10 00:00:00+00:00,361.74127197265625
2021-03-11 00:00:00+00:00,365.4090270996094
2021-03-12 00:00:00+00:00,365.90118408203125
2021-03-15 00:00:00+00:00,368.083251953125
2021-03-16 00:00:00+00:00,367.6190490722656
2021-03-17 00:00:00+00:00,368.8725280761719
2021-03-18 00:00:00+00:00,363.5055847167969
2021-03-19 00:00:00+00:00,362.8329162597656
2021-03-22 00:00:00+00:00,365.73016357421875
2021-03-23 00:00:00+00:00,362.8515930175781
2021-03-24 00:00:00+00:00,361.0069885253906
2021-03-25 00:00:00+00:00,363.03790283203125
2021-03-26 00:00:00+00:00,368.88824462890625
2021-03-29 00:00:00+00:00,368.701904296875
2021-03-30 00:00:00+00:00,367.7237548828125
2021-03-31 00:00:00+00:00,369.21429443359375
2021-04-01 00:00:00+00:00,373.20147705078125
2021-04-05 00:00:00+00:00,378.55804443359375
2021-04-06 00:00:00+00:00,378.3345031738281
2021-04-07 00:00:00+00:00,378.7723388671875
2021-04-08 00:00:00+00:00,380.5702209472656
2021-04-09 00:00:00+00:00,383.3370361328125
2021-04-12 00:00:00+00:00,383.4767761230469
2021-04-13 00:00:00+00:00,384.6133728027344
2021-04-14 00:00:00+00:00,383.2998046875
2021-04-15 00:00:00+00:00,387.4173889160156
2021-04-16 00:00:00+00:00,388.7123718261719
2021-04-19 00:00:00+00:00,386.8026428222656
2021-04-20 00:00:00+00:00,383.97052001953125
2021-04-21 00:00:00+00:00,387.6037292480469
2021-04-22 00:00:00+00:00,384.0636901855469
2021-04-23 00:00:00+00:00,388.2279357910156
2021-04-26 00:00:00+00:00,389.038330078125
2021-04-27 00:00:00+00:00,388.95452880859375
2021-04-28 00:00:00+00:00,388.8427734375
2021-04-29 00:00:00+00:00,391.3207092285156
2021-04-30 00:00:00+00:00,388.7496032714844
2021-05-03 00:00:00+00:00,389.5880432128906
2021-05-04 00:00:00+00:00,387.1845397949219
2021-05-05 00:00:00+00:00,387.3055725097656
2021-05-06 00:00:00+00:00,390.3984680175781
2021-05-07 00:00:00+00:00,393.23980712890625
2021-05-10 00:00:00+00:00,389.34576416015625
2021-05-11 00:00:00+00:00,385.8710021972656
2021-05-12 00:00:00+00:00,377.6731262207031
2021-05-13 00:00:00+00:00,382.2098693847656
2021-05-14 00:00:00+00:00,388.0788269042969
2021-05-17 00:00:00+00:00,387.09136962890625
2021-05-18 00:00:00+00:00,383.75634765625
2021-05-19 00:00:00+00:00,382.7501220703125
2021-05-20 00:00:00+00:00,386.8678283691406
2021-05-21 00:00:00+00:00,386.5510559082031
2021-05-24 00:00:00+00:00,390.4916687011719
2021-05-25 00:00:00+00:00,389.6252746582031
2021-05-26 00:00:00+00:00,390.3984680175781
2021-05-27 00:00:00+00:00,390.6034240722656
2021-05-28 00:00:00+00:00,391.3021545410156
2021-06-01 00:00:00+00:00,390.9574890136719
2021-06-02 00:00:00+00:00,391.5722961425781
2021-06-03 00:00:00+00:00,390.11907958984375
2021-06-04 00:00:00+00:00,393.6870422363281
2021-06-07 00:00:00+00:00,393.3050231933594
2021-06-08 00:00:00+00:00,393.38885498046875
2021-06-09 00:00:00+00:00,392.8019104003906
2021-06-10 00:00:00+00:00,394.6278991699219
2021-06-11 00:00:00+00:00,395.2799987792969
2021-06-14 00:00:00+00:00,396.16497802734375
2021-06-15 00:00:00+00:00,395.43841552734375
2021-06-16 00:00:00+00:00,393.23046875
2021-06-17 00:00:00+00:00,393.10009765625
2021-06-18 00:00:00+00:00,387.7969970703125
2021-06-21 00:00:00+00:00,393.34869384765625
2021-06-22 00:00:00+00:00,395.45159912109375
2021-06-23 00:00:00+00:00,394.9750061035156
2021-06-24 00:00:00+00:00,397.3114929199219
2021-06-25 00:00:00+00:00,398.7228088378906
2021-06-28 00:00:00+00:00,399.526611328125
2021-06-29 00:00:00+00:00,399.7416076660156
2021-06-30 00:00:00+00:00,400.0780334472656
2021-07-01 00:00:00+00:00,402.2930908203125
2021-07-02 00:00:00+00:00,405.3680419921875
2021-07-06 00:00:00+00:00,404.6296691894531
2021-07-07 00:00:00+00:00,406.05963134765625
2021-07-08 00:00:00+00:00,402.7511291503906
2021-07-09 00:00:00+00:00,407.05035400390625
2021-07-12 00:00:00+00:00,408.5084533691406
2021-07-13 00:00:00+00:00,407.1158447265625
2021-07-14 00:00:00+00:00,407.72332763671875
2021-07-15 00:00:00+00:00,406.3305969238281
2021-07-16 00:00:00+00:00,403.14361572265625
2021-07-19 00:00:00+00:00,397.1900634765625
2021-07-20 00:00:00+00:00,402.8819274902344
2021-07-21 00:00:00+00:00,406.143798828125
2021-07-22 00:00:00+00:00,406.99432373046875
2021-07-23 00:00:00+00:00,411.1814880371094
2021-07-26 00:00:00+00:00,412.19085693359375
2021-07-27 00:00:00+00:00,410.31219482421875
2021-07-28 00:00:00+00:00,410.1440124511719
2021-07-29 00:00:00+00:00,411.84490966796875
2021-07-30 00:00:00+00:00,409.844970703125
2021-08-02 00:00:00+00:00,408.98504638671875
2021-08-03 00:00:00+00:00,412.3123474121094
2021-08-04 00:00:00+00:00,410.2842102050781
2021-08-05 00:00:00+00:00,412.88250732421875
2021-08-06 00:00:00+00:00,413.5647277832031
2021-08-09 00:00:00+00:00,413.2282409667969
2021-08-10 00:00:00+00:00,413.7422790527344
2021-08-11 00:00:00+00:00,414.7704772949219
2021-08-12 00:00:00+00:00,416.013427734375
2021-08-13 00:00:00+00:00,416.7705383300781
2021-08-16 00:00:00+00:00,417.75189208984375
2021-08-17 00:00:00+00:00,415.01348876953125
2021-08-18 00:00:00+00:00,410.4710998535156
2021-08-19 00:00:00+00:00,411.106689453125
2021-08-20 00:00:00+00:00,414.3778991699219
2021-08-23 00:00:00+00:00,418.0229797363281
2021-08-24 00:00:00+00:00,418.6865234375
2021-08-25 00:00:00+00:00,419.5650939941406
2021-08-26 00:00:00+00:00,417.0882263183594
2021-08-27 00:00:00+00:00,420.8174743652344
2021-08-30 00:00:00+00:00,422.6680603027344
2021-08-31 00:00:00+00:00,422.0419006347656
2021-09-01 00:00:00+00:00,422.26611328125
2021-09-02 00:00:00+00:00,423.5652770996094
2021-09-03 00:00:00+00:00,423.4624938964844
2021-09-07 00:00:00+00:00,421.9483642578125
2021-09-08 00:00:00+00:00,421.4342956542969
2021-09-09 00:00:00+00:00,419.6305236816406
2021-09-10 00:00:00+00:00,416.3218994140625
2021-09-13 00:00:00+00:00,417.38739013671875
2021-09-14 00:00:00+00:00,415.13494873046875
2021-09-15 00:00:00+00:00,418.6024169921875
2021-09-16 00:00:00+00:00,417.9387512207031
2021-09-17 00:00:00+00:00,413.86767578125
2021-09-20 00:00:00+00:00,406.96673583984375
2021-09-21 00:00:00+00:00,406.5823059082031
2021-09-22 00:00:00+00:00,410.54840087890625
2021-09-23 00:00:00+00:00,415.53656005859375
2021-09-24 00:00:00+00:00,416.2211608886719
2021-09-27 00:00:00+00:00,415.03033447265625
2021-09-28 00:00:00+00:00,406.66668701171875
2021-09-29 00:00:00+00:00,407.3511962890625
2021-09-30 00:00:00+00:00,402.3723449707031
2021-10-01 00:00:00+00:00,407.154296875
2021-10-04 00:00:00+00:00,401.903564453125
2021-10-05 00:00:00+00:00,406.0853271484375
2021-10-06 00:00:00+00:00,407.7731018066406
2021-10-07 00:00:00+00:00,411.2986145019531
2021-10-08 00:00:00+00:00,410.54840087890625
2021-10-11 00:00:00+00:00,407.57623291015625
2021-10-12 00:00:00+00:00,406.57293701171875
2021-10-13 00:00:00+00:00,408.03558349609375
2021-10-14 00:00:00+00:00,414.8990173339844
2021-10-15 00:00:00+00:00,418.0588684082031
2021-10-18 00:00:00+00:00,419.2965087890625
2021-10-19 00:00:00+00:00,422.53131103515625
2021-10-20 00:00:00+00:00,424.1909484863281
2021-10-21 00:00:00+00:00,425.29730224609375
2021-10-22 00:00:00+00:00,424.85662841796875
2021-10-25 00:00:00+00:00,427.1349792480469
2021-10-26 00:00:00+00:00,427.5194396972656
2021-10-27 00:00:00+00:00,425.6255187988281
2021-10-28 00:00:00+00:00,429.7323303222656
2021-10-29 00:00:00+00:00,430.604248046875
2021-11-01 00:00:00+00:00,431.3449401855469
2021-11-02 00:00:00+00:00,433.0889892578125
2021-11-03 00:00:00+00:00,435.7330627441406
2021-11-04 00:00:00+00:00,437.7865295410156
2021-11-05 00:00:00+00:00,439.30548095703125
2021-11-08 00:00:00+00:00,439.6805114746094
2021-11-09 00:00:00+00:00,438.2272644042969
2021-11-10 00:00:00+00:00,434.70166015625
2021-11-11 00:00:00+00:00,434.84228515625
2021-11-12 00:00:00+00:00,438.1240234375
2021-11-15 00:00:00+00:00,438.2740478515625
2021-11-16 00:00:00+00:00,440.0086364746094
2021-11-17 00:00:00+00:00,438.9397888183594
2021-11-18 00:00:00+00:00,440.4305419921875
2021-11-19 00:00:00+00:00,439.6429748535156
2021-11-22 00:00:00+00:00,438.4053649902344
2021-11-23 00:00:00+00:00,438.98663330078125
2021-11-24 00:00:00+00:00,440.15863037109375
2021-11-26 00:00:00+00:00,430.34173583984375
2021-11-29 00:00:00+00:00,435.62054443359375
2021-11-30 00:00:00+00:00,427.14434814453125
2021-12-01 00:00:00+00:00,422.4000549316406
2021-12-02 00:00:00+00:00,428.86968994140625
2021-12-03 00:00:00+00:00,425.13800048828125
2021-12-06 00:00:00+00:00,430.1730041503906
2021-12-07 00:00:00+00:00,439.07098388671875
2021-12-08 00:00:00+00:00,440.233642578125
2021-12-09 00:00:00+00:00,437.2614440917969
2021-12-10 00:00:00+00:00,441.3775634765625
2021-12-13 00:00:00+00:00,437.46771240234375
2021-12-14 00:00:00+00:00,434.4578857421875
2021-12-15 00:00:00+00:00,441.24627685546875
2021-12-16 00:00:00+00:00,437.355224609375
2021-12-17 00:00:00+00:00,432.7004089355469
2021-12-20 00:00:00+00:00,428.099365234375
2021-12-21 00:00:00+00:00,435.70196533203125
2021-12-22 00:00:00+00:00,440.0585021972656
2021-12-23 00:00:00+00:00,442.7964782714844
2021-12-27 00:00:00+00:00,449.0630798339844
2021-12-28 00:00:00+00:00,448.696044921875
2021-12-29 00:00:00+00:00,449.2700500488281
2021-12-30 00:00:00+00:00,448.0280456542969
2021-12-31 00:00:00+00:00,446.89892578125
2022-01-03 00:00:00+00:00,449.48638916015625
2022-01-04 00:00:00+00:00,449.3359069824219
2022-01-05 00:00:00+00:00,440.7076721191406
2022-01-06 00:00:00+00:00,440.293701171875
2022-01-07 00:00:00+00:00,438.5529479980469
2022-01-10 00:00:00+00:00,438.0072326660156
2022-01-11 00:00:00+00:00,441.9967041015625
2022-01-12 00:00:00+00:00,443.1917419433594
2022-01-13 00:00:00+00:00,437.08514404296875
2022-01-14 00:00:00+00:00,437.263916015625
2022-01-18 00:00:00+00:00,429.5201416015625
2022-01-19 00:00:00+00:00,425.0602111816406
2022-01-20 00:00:00+00:00,420.3556213378906
2022-01-21 00:00:00+00:00,412.103759765625
2022-01-24 00:00:00+00:00,413.85382080078125
2022-01-25 00:00:00+00:00,408.8011169433594
2022-01-26 00:00:00+00:00,407.7755126953125
2022-01-27 00:00:00+00:00,405.76190185546875
2022-01-28 00:00:00+00:00,415.83917236328125
2022-01-31 00:00:00+00:00,423.3288879394531
2022-02-01 00:00:00+00:00,426.1893310546875
2022-02-02 00:00:00+00:00,430.3294372558594
2022-02-03 00:00:00+00:00,420.2144470214844
2022-02-04 00:00:00+00:00,422.1903991699219
2022-02-07 00:00:00+00:00,420.83551025390625
2022-02-08 00:00:00+00:00,424.298095703125
2022-02-09 00:00:00+00:00,430.5080871582031
2022-02-10 00:00:00+00:00,422.7737731933594
2022-02-11 00:00:00+00:00,414.437255859375
2022-02-14 00:00:00+00:00,413.08221435546875
2022-02-15 00:00:00+00:00,419.7440185546875
2022-02-16 00:00:00+00:00,420.2144470214844
2022-02-17 00:00:00+00:00,411.2380676269531
2022-02-18 00:00:00+00:00,408.5753479003906
2022-02-22 00:00:00+00:00,404.1906433105469
2022-02-23 00:00:00+00:00,397.0209045410156
2022-02-24 00:00:00+00:00,402.9956359863281
2022-02-25 00:00:00+00:00,411.88726806640625
2022-02-28 00:00:00+00:00,410.8335266113281
2022-03-01 00:00:00+00:00,404.5763854980469
2022-03-02 00:00:00+00:00,412.0190124511719
2022-03-03 00:00:00+00:00,409.96783447265625
2022-03-04 00:00:00+00:00,406.63702392578125
2022-03-07 00:00:00+00:00,394.649658203125
2022-03-08 00:00:00+00:00,391.65753173828125
2022-03-09 00:00:00+00:00,402.158203125
2022-03-10 00:00:00+00:00,400.3422546386719
2022-03-11 00:00:00+00:00,395.2519226074219
2022-03-14 00:00:00+00:00,392.3632507324219
2022-03-15 00:00:00+00:00,400.9915466308594
2022-03-16 00:00:00+00:00,409.8831787109375
2022-03-17 00:00:00+00:00,415.0111083984375
2022-03-18 00:00:00+00:00,419.5567626953125
2022-03-21 00:00:00+00:00,419.4340515136719
2022-03-22 00:00:00+00:00,424.3419494628906
2022-03-23 00:00:00+00:00,418.8771667480469
2022-03-24 00:00:00+00:00,425.19140625
2022-03-25 00:00:00+00:00,427.26788330078125
2022-03-28 00:00:00+00:00,430.30706787109375
2022-03-29 00:00:00+00:00,435.6303405761719
2022-03-30 00:00:00+00:00,432.9403991699219
2022-03-31 00:00:00+00:00,426.2768859863281
2022-04-01 00:00:00+00:00,427.4850158691406
2022-04-04 00:00:00+00:00,431.1470947265625
2022-04-05 00:00:00+00:00,425.7011413574219
2022-04-06 00:00:00+00:00,421.44439697265625
2022-04-07 00:00:00+00:00,423.5680847167969
2022-04-08 00:00:00+00:00,422.4353942871094
2022-04-11 00:00:00+00:00,415.21502685546875
2022-04-12 00:00:00+00:00,413.6766052246094
2022-04-13 00:00:00+00:00,418.4146728515625
2022-04-14 00:00:00+00:00,413.2047119140625
2022-04-18 00:00:00+00:00,413.37457275390625
2022-04-19 00:00:00+00:00,420.04754638671875
2022-04-20 00:00:00+00:00,419.736083984375
2022-04-21 00:00:00+00:00,413.4595031738281
2022-04-22 00:00:00+00:00,402.1144714355469
2022-04-25 00:00:00+00:00,404.4458312988281
2022-04-26 00:00:00+00:00,392.732666015625
2022-04-27 00:00:00+00:00,393.83697509765625
2022-04-28 00:00:00+00:00,403.7850646972656
2022-04-29 00:00:00+00:00,388.8629150390625
2022-05-02 00:00:00+00:00,391.2037048339844
2022-05-03 00:00:00+00:00,392.9970397949219
2022-05-04 00:00:00+00:00,404.9649353027344
2022-05-05 00:00:00+00:00,390.5713806152344
2022-05-06 00:00:00+00:00,388.239990234375
2022-05-09 00:00:00+00:00,375.8096923828125
2022-05-10 00:00:00+00:00,376.67803955078125
2022-05-11 00:00:00+00:00,370.694091796875
2022-05-12 00:00:00+00:00,370.3069763183594
2022-05-13 00:00:00+00:00,379.1603698730469
2022-05-16 00:00:00+00:00,377.62176513671875
2022-05-17 00:00:00+00:00,385.3896179199219
2022-05-18 00:00:00+00:00,369.8539733886719
2022-05-19 00:00:00+00:00,367.5887451171875
2022-05-20 00:00:00+00:00,367.7491455078125
2022-05-23 00:00:00+00:00,374.62982177734375
2022-05-24 00:00:00+00:00,371.7699890136719
2022-05-25 00:00:00+00:00,375.0545959472656
2022-05-26 00:00:00+00:00,382.5486755371094
2022-05-27 00:00:00+00:00,391.9399108886719
2022-05-31 00:00:00+00:00,389.7407531738281
2022-06-01 00:00:00+00:00,386.5882263183594
2022-06-02 00:00:00+00:00,393.9502868652344
2022-06-03 00:00:00+00:00,387.4849548339844
2022-06-06 00:00:00+00:00,388.664794921875
2022-06-07 00:00:00+00:00,392.3929138183594
2022-06-08 00:00:00+00:00,388.1267395019531
2022-06-09 00:00:00+00:00,378.89599609375
2022-06-10 00:00:00+00:00,367.9096984863281
2022-06-13 00:00:00+00:00,353.9407958984375
2022-06-14 00:00:00+00:00,352.87432861328125
2022-06-15 00:00:00+00:00,357.90496826171875
2022-06-16 00:00:00+00:00,346.0597229003906
2022-06-17 00:00:00+00:00,346.8056945800781
2022-06-21 00:00:00+00:00,355.5361022949219
2022-06-22 00:00:00+00:00,354.8915100097656
2022-06-23 00:00:00+00:00,358.370361328125
2022-06-24 00:00:00+00:00,369.7643127441406
2022-06-27 00:00:00+00:00,368.35198974609375
2022-06-28 00:00:00+00:00,360.8255310058594
2022-06-29 00:00:00+00:00,360.5315856933594
2022-06-30 00:00:00+00:00,357.60260009765625
2022-07-01 00:00:00+00:00,361.3847351074219
2022-07-05 00:00:00+00:00,362.06719970703125
2022-07-06 00:00:00+00:00,363.29010009765625
2022-07-07 00:00:00+00:00,368.7310791015625
2022-07-08 00:00:00+00:00,368.4278259277344
2022-07-11 00:00:00+00:00,364.2190246582031
2022-07-12 00:00:00+00:00,360.99603271484375
2022-07-13 00:00:00+00:00,359.1002197265625
2022-07-14 00:00:00+00:00,358.2281494140625
2022-07-15 00:00:00+00:00,365.0721740722656
2022-07-18 00:00:00+00:00,362.05780029296875
2022-07-19 00:00:00+00:00,371.8403015136719
2022-07-20 00:00:00+00:00,374.21014404296875
2022-07-21 00:00:00+00:00,378.020751953125
2022-07-22 00:00:00+00:00,374.513427734375
2022-07-25 00:00:00+00:00,374.9684753417969
2022-07-26 00:00:00+00:00,370.5321960449219
2022-07-27 00:00:00+00:00,380.15362548828125
2022-07-28 00:00:00+00:00,384.9216613769531
2022-07-29 00:00:00+00:00,390.5332336425781
2022-08-01 00:00:00+00:00,389.3768005371094
2022-08-02 00:00:00+00:00,386.80792236328125
2022-08-03 00:00:00+00:00,392.8651428222656
2022-08-04 00:00:00+00:00,392.5997619628906
2022-08-05 00:00:00+00:00,391.9361572265625
2022-08-08 00:00:00+00:00,391.481201171875
2022-08-09 00:00:00+00:00,389.9266052246094
2022-08-10 00:00:00+00:00,398.11663818359375
2022-08-11 00:00:00+00:00,398.11663818359375
2022-08-12 00:00:00+00:00,404.8563232421875
2022-08-15 00:00:00+00:00,406.52471923828125
2022-08-16 00:00:00+00:00,407.3209533691406
2022-08-17 00:00:00+00:00,404.42974853515625
2022-08-18 00:00:00+00:00,405.60516357421875
2022-08-19 00:00:00+00:00,400.1546325683594
2022-08-22 00:00:00+00:00,391.8223876953125
2022-08-23 00:00:00+00:00,390.87451171875
2022-08-24 00:00:00+00:00,392.1257629394531
2022-08-25 00:00:00+00:00,397.66162109375
2022-08-26 00:00:00+00:00,384.2011413574219
2022-08-29 00:00:00+00:00,381.66070556640625
2022-08-30 00:00:00+00:00,377.4709167480469
2022-08-31 00:00:00+00:00,374.5987243652344
2022-09-01 00:00:00+00:00,375.7742004394531
2022-09-02 00:00:00+00:00,371.8117980957031
2022-09-06 00:00:00+00:00,370.408935546875
2022-09-07 00:00:00+00:00,377.0633239746094
2022-09-08 00:00:00+00:00,379.5279235839844
2022-09-09 00:00:00+00:00,385.4239807128906
2022-09-12 00:00:00+00:00,389.56634521484375
2022-09-13 00:00:00+00:00,372.6271057128906
2022-09-14 00:00:00+00:00,374.0489196777344
2022-09-15 00:00:00+00:00,369.8022155761719
2022-09-16 00:00:00+00:00,366.9810485839844
2022-09-19 00:00:00+00:00,369.8269958496094
2022-09-20 00:00:00+00:00,365.58197021484375
2022-09-21 00:00:00+00:00,359.20477294921875
2022-09-22 00:00:00+00:00,356.1874694824219
2022-09-23 00:00:00+00:00,350.2197265625
2022-09-26 00:00:00+00:00,346.7550964355469
2022-09-27 00:00:00+00:00,345.869873046875
2022-09-28 00:00:00+00:00,352.67535400390625
2022-09-29 00:00:00+00:00,345.3083801269531
2022-09-30 00:00:00+00:00,339.9685974121094
2022-10-03 00:00:00+00:00,348.9442138671875
2022-10-04 00:00:00+00:00,359.7567443847656
2022-10-05 00:00:00+00:00,358.9192810058594
2022-10-06 00:00:00+00:00,355.2167053222656
2022-10-07 00:00:00+00:00,345.3083801269531
2022-10-10 00:00:00+00:00,342.6717529296875
2022-10-11 00:00:00+00:00,340.50164794921875
2022-10-12 00:00:00+00:00,339.3784484863281
2022-10-13 00:00:00+00:00,348.3350830078125
2022-10-14 00:00:00+00:00,340.39691162109375
2022-10-17 00:00:00+00:00,349.1441345214844
2022-10-18 00:00:00+00:00,353.2464904785156
2022-10-19 00:00:00+00:00,350.74310302734375
2022-10-20 00:00:00+00:00,347.8020935058594
2022-10-21 00:00:00+00:00,356.254150390625
2022-10-24 00:00:00+00:00,360.61346435546875
2022-10-25 00:00:00+00:00,366.3719177246094
2022-10-26 00:00:00+00:00,363.6116027832031
2022-10-27 00:00:00+00:00,361.66998291015625
2022-10-28 00:00:00+00:00,370.2743835449219
2022-10-31 00:00:00+00:00,367.5997619628906
2022-11-01 00:00:00+00:00,365.9912109375
2022-11-02 00:00:00+00:00,356.8062438964844
2022-11-03 00:00:00+00:00,353.1321716308594
2022-11-04 00:00:00+00:00,358.2148742675781
2022-11-07 00:00:00+00:00,361.6414489746094
2022-11-08 00:00:00+00:00,363.5926208496094
2022-11-09 00:00:00+00:00,356.1018371582031
2022-11-10 00:00:00+00:00,375.6711730957031
2022-11-11 00:00:00+00:00,379.3070983886719
2022-11-14 00:00:00+00:00,376.0804443359375
2022-11-15 00:00:00+00:00,379.2880859375
2022-11-16 00:00:00+00:00,376.3945617675781
2022-11-17 00:00:00+00:00,375.24285888671875
2022-11-18 00:00:00+00:00,376.9466247558594
2022-11-21 00:00:00+00:00,375.5759582519531
2022-11-22 00:00:00+00:00,380.630126953125
2022-11-23 00:00:00+00:00,383.0286865234375
2022-11-25 00:00:00+00:00,382.9430236816406
2022-11-28 00:00:00+00:00,376.8323974609375
2022-11-29 00:00:00+00:00,376.18505859375
2022-11-30 00:00:00+00:00,388.03515625
2022-12-01 00:00:00+00:00,387.7496643066406
2022-12-02 00:00:00+00:00,387.3023376464844
2022-12-05 00:00:00+00:00,380.3350524902344
2022-12-06 00:00:00+00:00,374.85260009765625
2022-12-07 00:00:00+00:00,374.21484375
2022-12-08 00:00:00+00:00,377.1464538574219
2022-12-09 00:00:00+00:00,374.3291320800781
2022-12-12 00:00:00+00:00,379.7257995605469
2022-12-13 00:00:00+00:00,382.6003723144531
2022-12-14 00:00:00+00:00,380.1541442871094
2022-12-15 00:00:00+00:00,370.85491943359375
2022-12-16 00:00:00+00:00,366.4765930175781
2022-12-19 00:00:00+00:00,363.3690185546875
2022-12-20 00:00:00+00:00,363.8661804199219
2022-12-21 00:00:00+00:00,369.3069152832031
2022-12-22 00:00:00+00:00,364.0383605957031
2022-12-23 00:00:00+00:00,366.1324157714844
2022-12-27 00:00:00+00:00,364.68853759765625
2022-12-28 00:00:00+00:00,360.1562805175781
2022-12-29 00:00:00+00:00,366.6391296386719
2022-12-30 00:00:00+00:00,365.6734619140625
2023-01-03 00:00:00+00:00,364.13397216796875
2023-01-04 00:00:00+00:00,366.9451599121094
2023-01-05 00:00:00+00:00,362.7570495605469
2023-01-06 00:00:00+00:00,371.0758361816406
2023-01-09 00:00:00+00:00,370.86541748046875
2023-01-10 00:00:00+00:00,373.46624755859375
2023-01-11 00:00:00+00:00,378.1898193359375
2023-01-12 00:00:00+00:00,379.56671142578125
2023-01-13 00:00:00+00:00,381.039306640625
2023-01-17 00:00:00+00:00,380.3412780761719
2023-01-18 00:00:00+00:00,374.33642578125
2023-01-19 00:00:00+00:00,371.6112976074219
2023-01-20 00:00:00+00:00,378.5340881347656
2023-01-23 00:00:00+00:00,383.0758972167969
2023-01-24 00:00:00+00:00,382.6647644042969
2023-01-25 00:00:00+00:00,382.8082275390625
2023-01-26 00:00:00+00:00,387.01544189453125
2023-01-27 00:00:00+00:00,387.9046630859375
2023-01-30 00:00:00+00:00,383.0377197265625
2023-01-31 00:00:00+00:00,388.6696472167969
2023-02-01 00:00:00+00:00,392.8003845214844
2023-02-02 00:00:00+00:00,398.518310546875
2023-02-03 00:00:00+00:00,394.28240966796875
2023-02-06 00:00:00+00:00,391.8728332519531
2023-02-07 00:00:00+00:00,396.9980163574219
2023-02-08 00:00:00+00:00,392.65692138671875
2023-02-09 00:00:00+00:00,389.2529296875
2023-02-10 00:00:00+00:00,390.1612854003906
2023-02-13 00:00:00+00:00,394.7414245605469
2023-02-14 00:00:00+00:00,394.5597839355469
2023-02-15 00:00:00+00:00,395.8410949707031
2023-02-16 00:00:00+00:00,390.3907470703125
2023-02-17 00:00:00+00:00,389.4154968261719
2023-02-21 00:00:00+00:00,381.60345458984375
2023-02-22 00:00:00+00:00,381.0775451660156
2023-02-23 00:00:00+00:00,383.104736328125
2023-02-24 00:00:00+00:00,379.0121765136719
2023-02-27 00:00:00+00:00,380.3030700683594
2023-02-28 00:00:00+00:00,378.8974914550781
2023-03-01 00:00:00+00:00,377.4440002441406
2023-03-02 00:00:00+00:00,380.3795471191406
2023-03-03 00:00:00+00:00,386.4798889160156
2023-03-06 00:00:00+00:00,386.7476806640625
2023-03-07 00:00:00+00:00,380.8193664550781
2023-03-08 00:00:00+00:00,381.44091796875
2023-03-09 00:00:00+00:00,374.40338134765625
2023-03-10 00:00:00+00:00,369.0009460449219
2023-03-13 00:00:00+00:00,368.47503662109375
2023-03-14 00:00:00+00:00,374.56591796875
2023-03-15 00:00:00+00:00,372.2232971191406
2023-03-16 00:00:00+00:00,378.7539367675781
2023-03-17 00:00:00+00:00,374.3253479003906
2023-03-20 00:00:00+00:00,377.9247131347656
2023-03-21 00:00:00+00:00,382.8869934082031
2023-03-22 00:00:00+00:00,376.36016845703125
2023-03-23 00:00:00+00:00,377.37762451171875
2023-03-24 00:00:00+00:00,379.8539733886719
2023-03-27 00:00:00+00:00,380.5642395019531
2023-03-28 00:00:00+00:00,379.71002197265625
2023-03-29 00:00:00+00:00,385.2290344238281
2023-03-30 00:00:00+00:00,387.48468017578125
2023-03-31 00:00:00+00:00,392.9460754394531
2023-04-03 00:00:00+00:00,394.4434814453125
2023-04-04 00:00:00+00:00,392.25506591796875
2023-04-05 00:00:00+00:00,391.2279968261719
2023-04-06 00:00:00+00:00,392.7540588378906
2023-04-10 00:00:00+00:00,393.1572570800781
2023-04-11 00:00:00+00:00,393.26287841796875
2023-04-12 00:00:00+00:00,391.6599426269531
2023-04-13 00:00:00+00:00,396.86224365234375
2023-04-14 00:00:00+00:00,395.89276123046875
2023-04-17 00:00:00+00:00,397.3133850097656
2023-04-18 00:00:00+00:00,397.5724182128906
2023-04-19 00:00:00+00:00,397.5053405761719
2023-04-20 00:00:00+00:00,395.33612060546875
2023-04-21 00:00:00+00:00,395.6432189941406
2023-04-24 00:00:00+00:00,396.0559387207031
2023-04-25 00:00:00+00:00,389.76904296875
2023-04-26 00:00:00+00:00,388.1181335449219
2023-04-27 00:00:00+00:00,395.8448181152344
2023-04-28 00:00:00+00:00,399.22344970703125
2023-05-01 00:00:00+00:00,398.82025146484375
2023-05-02 00:00:00+00:00,394.337890625
2023-05-03 00:00:00+00:00,391.6311340332031
2023-05-04 00:00:00+00:00,388.857177734375
2023-05-05 00:00:00+00:00,396.0559387207031
2023-05-08 00:00:00+00:00,396.16156005859375
2023-05-09 00:00:00+00:00,394.42425537109375
2023-05-10 00:00:00+00:00,396.26715087890625
2023-05-11 00:00:00+00:00,395.57611083984375
2023-05-12 00:00:00+00:00,395.0577392578125
2023-05-15 00:00:00+00:00,396.42071533203125
2023-05-16 00:00:00+00:00,393.7715759277344
2023-05-17 00:00:00+00:00,398.551513671875
2023-05-18 00:00:00+00:00,402.390869140625
2023-05-19 00:00:00+00:00,401.805419921875
2023-05-22 00:00:00+00:00,401.96856689453125
2023-05-23 00:00:00+00:00,397.4573059082031
2023-05-24 00:00:00+00:00,394.57781982421875
2023-05-25 00:00:00+00:00,397.99481201171875
2023-05-26 00:00:00+00:00,403.1491394042969
2023-05-30 00:00:00+00:00,403.3027038574219
2023-05-31 00:00:00+00:00,401.0662841796875
2023-06-01 00:00:00+00:00,404.8768615722656
2023-06-02 00:00:00+00:00,410.7318115234375
2023-06-05 00:00:00+00:00,409.9447326660156
2023-06-06 00:00:00+00:00,410.83740234375
2023-06-07 00:00:00+00:00,409.4168395996094
2023-06-08 00:00:00+00:00,411.89324951171875
2023-06-09 00:00:00+00:00,412.63226318359375
2023-06-12 00:00:00+00:00,416.3755798339844
2023-06-13 00:00:00+00:00,419.12078857421875
2023-06-14 00:00:00+00:00,419.619873046875
2023-06-15 00:00:00+00:00,424.82220458984375
2023-06-16 00:00:00+00:00,423.37518310546875
2023-06-20 00:00:00+00:00,421.1785888671875
2023-06-21 00:00:00+00:00,419.02056884765625
2023-06-22 00:00:00+00:00,420.5331115722656
2023-06-23 00:00:00+00:00,417.3538818359375
2023-06-26 00:00:00+00:00,415.6487121582031
2023-06-27 00:00:00+00:00,420.2055969238281
2023-06-28 00:00:00+00:00,420.41754150390625
2023-06-29 00:00:00+00:00,422.07452392578125
2023-06-30 00:00:00+00:00,427.05535888671875
2023-07-03 00:00:00+00:00,427.546630859375
2023-07-05 00:00:00+00:00,426.91082763671875
2023-07-06 00:00:00+00:00,423.5678405761719
2023-07-07 00:00:00+00:00,422.4984436035156
2023-07-10 00:00:00+00:00,423.5678405761719
2023-07-11 00:00:00+00:00,426.26531982421875
2023-07-12 00:00:00+00:00,429.6950378417969
2023-07-13 00:00:00+00:00,433.10546875
2023-07-14 00:00:00+00:00,432.8357238769531
2023-07-17 00:00:00+00:00,434.3386535644531
2023-07-18 00:00:00+00:00,437.5660095214844
2023-07-19 00:00:00+00:00,438.5390625
2023-07-20 00:00:00+00:00,435.62957763671875
2023-07-21 00:00:00+00:00,435.62957763671875
2023-07-24 00:00:00+00:00,437.57568359375
2023-07-25 00:00:00+00:00,438.770263671875
2023-07-26 00:00:00+00:00,438.8376770019531
2023-07-27 00:00:00+00:00,435.92822265625
2023-07-28 00:00:00+00:00,440.19610595703125
2023-07-31 00:00:00+00:00,441.03424072265625
2023-08-01 00:00:00+00:00,439.772216796875
2023-08-02 00:00:00+00:00,433.6546325683594
2023-08-03 00:00:00+00:00,432.4118347167969
2023-08-04 00:00:00+00:00,430.4560852050781
2023-08-07 00:00:00+00:00,434.2133483886719
2023-08-08 00:00:00+00:00,432.32513427734375
2023-08-09 00:00:00+00:00,429.4349060058594
2023-08-10 00:00:00+00:00,429.5890197753906
2023-08-11 00:00:00+00:00,429.338623046875
2023-08-14 00:00:00+00:00,431.7085266113281
2023-08-15 00:00:00+00:00,426.67962646484375
2023-08-16 00:00:00+00:00,423.5486145019531
2023-08-17 00:00:00+00:00,420.3211669921875
2023-08-18 00:00:00+00:00,420.52349853515625
2023-08-21 00:00:00+00:00,423.259521484375
2023-08-22 00:00:00+00:00,422.1130676269531
2023-08-23 00:00:00+00:00,426.8144836425781
2023-08-24 00:00:00+00:00,420.89923095703125
2023-08-25 00:00:00+00:00,423.8664855957031
2023-08-28 00:00:00+00:00,426.5543518066406
2023-08-29 00:00:00+00:00,432.7201843261719
2023-08-30 00:00:00+00:00,434.5024108886719
2023-08-31 00:00:00+00:00,433.8665771484375
2023-09-01 00:00:00+00:00,434.6758117675781
2023-09-05 00:00:00+00:00,432.79718017578125
2023-09-06 00:00:00+00:00,429.8876647949219
2023-09-07 00:00:00+00:00,428.56787109375
2023-09-08 00:00:00+00:00,429.2133483886719
2023-09-11 00:00:00+00:00,432.03607177734375
2023-09-12 00:00:00+00:00,429.66607666015625
2023-09-13 00:00:00+00:00,430.1670837402344
2023-09-14 00:00:00+00:00,433.8762512207031
2023-09-15 00:00:00+00:00,428.6487121582031
2023-09-18 00:00:00+00:00,428.90008544921875
2023-09-19 00:00:00+00:00,428.01055908203125
2023-09-20 00:00:00+00:00,424.0757751464844
2023-09-21 00:00:00+00:00,417.06646728515625
2023-09-22 00:00:00+00:00,416.1286926269531
2023-09-25 00:00:00+00:00,417.8786315917969
2023-09-26 00:00:00+00:00,411.7394714355469
2023-09-27 00:00:00+00:00,411.90374755859375
2023-09-28 00:00:00+00:00,414.2917785644531
2023-09-29 00:00:00+00:00,413.2863464355469
2023-10-02 00:00:00+00:00,413.1219482421875
2023-10-03 00:00:00+00:00,407.59185791015625
2023-10-04 00:00:00+00:00,410.5599060058594
2023-10-05 00:00:00+00:00,410.4052429199219
2023-10-06 00:00:00+00:00,415.27789306640625
2023-10-09 00:00:00+00:00,417.9366149902344
2023-10-10 00:00:00+00:00,420.1119384765625
2023-10-11 00:00:00+00:00,421.8327941894531
2023-10-12 00:00:00+00:00,419.2611083984375
2023-10-13 00:00:00+00:00,417.1728820800781
2023-10-16 00:00:00+00:00,421.5621643066406
2023-10-17 00:00:00+00:00,421.5427551269531
2023-10-18 00:00:00+00:00,415.9256286621094
2023-10-19 00:00:00+00:00,412.2711486816406
2023-10-20 00:00:00+00:00,407.2052001953125
2023-10-23 00:00:00+00:00,406.4993896484375
2023-10-24 00:00:00+00:00,409.5640869140625
2023-10-25 00:00:00+00:00,403.6860046386719
2023-10-26 00:00:00+00:00,398.85205078125
2023-10-27 00:00:00+00:00,397.04412841796875
2023-10-30 00:00:00+00:00,401.7911071777344
2023-10-31 00:00:00+00:00,404.314453125
2023-11-01 00:00:00+00:00,408.6263732910156
2023-11-02 00:00:00+00:00,416.4573974609375
2023-11-03 00:00:00+00:00,420.25689697265625
2023-11-06 00:00:00+00:00,421.22369384765625
2023-11-07 00:00:00+00:00,422.4225158691406
2023-11-08 00:00:00+00:00,422.7319030761719
2023-11-09 00:00:00+00:00,419.43511962890625
2023-11-10 00:00:00+00:00,425.98040771484375
2023-11-13 00:00:00+00:00,425.5743408203125
2023-11-14 00:00:00+00:00,433.83074951171875
2023-11-15 00:00:00+00:00,434.7492370605469
2023-11-16 00:00:00+00:00,435.2809143066406
2023-11-17 00:00:00+00:00,435.8223571777344
2023-11-20 00:00:00+00:00,439.1771545410156
2023-11-21 00:00:00+00:00,438.2200012207031
2023-11-22 00:00:00+00:00,439.911865234375
2023-11-24 00:00:00+00:00,440.1826171875
2023-11-27 00:00:00+00:00,439.3898620605469
2023-11-28 00:00:00+00:00,439.82489013671875
2023-11-29 00:00:00+00:00,439.5155029296875
2023-11-30 00:00:00+00:00,441.24603271484375
2023-12-01 00:00:00+00:00,443.8564147949219
2023-12-04 00:00:00+00:00,441.5264587402344
2023-12-05 00:00:00+00:00,441.439453125
2023-12-06 00:00:00+00:00,439.66058349609375
2023-12-07 00:00:00+00:00,443.01531982421875
2023-12-08 00:00:00+00:00,444.919921875
2023-12-11 00:00:00+00:00,446.6504821777344
2023-12-12 00:00:00+00:00,448.6903381347656
2023-12-13 00:00:00+00:00,454.8778991699219
2023-12-14 00:00:00+00:00,456.3377685546875
2023-12-15 00:00:00+00:00,455.58642578125
2023-12-18 00:00:00+00:00,458.14910888671875
2023-12-19 00:00:00+00:00,460.9350891113281
2023-12-20 00:00:00+00:00,454.54779052734375
2023-12-21 00:00:00+00:00,458.8577575683594
2023-12-22 00:00:00+00:00,459.7799072265625
2023-12-26 00:00:00+00:00,461.7213134765625
2023-12-27 00:00:00+00:00,462.5561828613281
2023-12-28 00:00:00+00:00,462.73089599609375
2023-12-29 00:00:00+00:00,461.39129638671875
2024-01-02 00:00:00+00:00,458.8092041015625
2024-01-03 00:00:00+00:00,455.062255859375
2024-01-04 00:00:00+00:00,453.59649658203125
2024-01-05 00:00:00+00:00,454.2178039550781
2024-01-08 00:00:00+00:00,460.70208740234375
2024-01-09 00:00:00+00:00,460.0032043457031
2024-01-10 00:00:00+00:00,462.6047058105469
2024-01-11 00:00:00+00:00,462.40087890625
2024-01-12 00:00:00+00:00,462.7211608886719
2024-01-16 00:00:00+00:00,461.0224304199219
2024-01-17 00:00:00+00:00,458.4597473144531
2024-01-18 00:00:00+00:00,462.5367736816406
2024-01-19 00:00:00+00:00,468.30279541015625
2024-01-22 00:00:00+00:00,469.2929382324219
2024-01-23 00:00:00+00:00,470.66168212890625
2024-01-24 00:00:00+00:00,471.1761779785156
2024-01-25 00:00:00+00:00,473.7388610839844
2024-01-26 00:00:00+00:00,473.1369934082031
2024-01-29 00:00:00+00:00,476.8839111328125
2024-01-30 00:00:00+00:00,476.5150451660156
2024-01-31 00:00:00+00:00,468.73968505859375
2024-02-01 00:00:00+00:00,474.8746032714844
2024-02-02 00:00:00+00:00,479.8737487792969
2024-02-05 00:00:00+00:00,478.12646484375
2024-02-06 00:00:00+00:00,479.51458740234375
2024-02-07 00:00:00+00:00,483.5139465332031
2024-02-08 00:00:00+00:00,483.7275695800781
2024-02-09 00:00:00+00:00,486.5231628417969
2024-02-12 00:00:00+00:00,486.3096618652344
2024-02-13 00:00:00+00:00,479.6116027832031
2024-02-14 00:00:00+00:00,483.9701843261719
2024-02-15 00:00:00+00:00,487.3094787597656
2024-02-16 00:00:00+00:00,484.88262939453125
2024-02-20 00:00:00+00:00,482.21319580078125
2024-02-21 00:00:00+00:00,482.6499938964844
2024-02-22 00:00:00+00:00,492.6387023925781
2024-02-23 00:00:00+00:00,492.9784851074219
2024-02-26 00:00:00+00:00,491.1728820800781
2024-02-27 00:00:00+00:00,492.0853271484375
2024-02-28 00:00:00+00:00,491.43499755859375
2024-02-29 00:00:00+00:00,493.2016906738281
2024-03-01 00:00:00+00:00,497.83197021484375
2024-03-04 00:00:00+00:00,497.298095703125
2024-03-05 00:00:00+00:00,492.3280334472656
2024-03-06 00:00:00+00:00,494.82275390625
2024-03-07 00:00:00+00:00,499.73455810546875
2024-03-08 00:00:00+00:00,496.735107421875
2024-03-11 00:00:00+00:00,496.3080139160156
2024-03-12 00:00:00+00:00,501.6470031738281
2024-03-13 00:00:00+00:00,500.860595703125
2024-03-14 00:00:00+00:00,499.87054443359375
2024-03-15 00:00:00+00:00,496.4381103515625
2024-03-18 00:00:00+00:00,499.3885498046875
2024-03-19 00:00:00+00:00,502.16375732421875
2024-03-20 00:00:00+00:00,506.808349609375
2024-03-21 00:00:00+00:00,508.4833068847656
2024-03-22 00:00:00+00:00,507.5191650390625
2024-03-25 00:00:00+00:00,506.1170654296875
2024-03-26 00:00:00+00:00,505.18231201171875
2024-03-27 00:00:00+00:00,509.4277038574219
2024-03-28 00:00:00+00:00,509.33026123046875
2024-04-01 00:00:00+00:00,508.4442443847656
2024-04-02 00:00:00+00:00,505.21142578125
2024-04-03 00:00:00+00:00,505.7664794921875
2024-04-04 00:00:00+00:00,499.593017578125
2024-04-05 00:00:00+00:00,504.8122253417969
2024-04-08 00:00:00+00:00,505.0946044921875
2024-04-09 00:00:00+00:00,505.67889404296875
2024-04-10 00:00:00+00:00,500.6155090332031
2024-04-11 00:00:00+00:00,504.39349365234375
2024-04-12 00:00:00+00:00,497.43133544921875
2024-04-15 00:00:00+00:00,491.199462890625
2024-04-16 00:00:00+00:00,490.30364990234375
2024-04-17 00:00:00+00:00,487.4018859863281
2024-04-18 00:00:00+00:00,486.3988952636719
2024-04-19 00:00:00+00:00,482.1534729003906
2024-04-22 00:00:00+00:00,486.59368896484375
2024-04-23 00:00:00+00:00,492.3679504394531
2024-04-24 00:00:00+00:00,492.13421630859375
2024-04-25 00:00:00+00:00,490.2646789550781
2024-04-26 00:00:00+00:00,494.909423828125
2024-04-29 00:00:00+00:00,496.66204833984375
2024-04-30 00:00:00+00:00,488.7943420410156
2024-05-01 00:00:00+00:00,487.2071838378906
2024-05-02 00:00:00+00:00,491.7642517089844
2024-05-03 00:00:00+00:00,497.8598327636719
2024-05-06 00:00:00+00:00,503.0011291503906
2024-05-07 00:00:00+00:00,503.5561828613281
2024-05-08 00:00:00+00:00,503.60479736328125
2024-05-09 00:00:00+00:00,506.5065612792969
2024-05-10 00:00:00+00:00,507.15899658203125
2024-05-13 00:00:00+00:00,507.2270202636719
2024-05-14 00:00:00+00:00,509.5542297363281
2024-05-15 00:00:00+00:00,515.8641357421875
2024-05-16 00:00:00+00:00,514.8026733398438
2024-05-17 00:00:00+00:00,515.5427856445312
2024-05-20 00:00:00+00:00,516.1366577148438
2024-05-21 00:00:00+00:00,517.402587890625
2024-05-22 00:00:00+00:00,515.912841796875
2024-05-23 00:00:00+00:00,512.1444702148438
2024-05-24 00:00:00+00:00,515.5330810546875
2024-05-28 00:00:00+00:00,515.893310546875
2024-05-29 00:00:00+00:00,512.2807006835938
2024-05-30 00:00:00+00:00,508.8823547363281
2024-05-31 00:00:00+00:00,513.5173950195312
2024-06-03 00:00:00+00:00,513.9361572265625
2024-06-04 00:00:00+00:00,514.5106201171875
2024-06-05 00:00:00+00:00,520.6256713867188
2024-06-06 00:00:00+00:00,520.6158447265625
2024-06-07 00:00:00+00:00,519.9829711914062
2024-06-10 00:00:00+00:00,521.5895385742188
2024-06-11 00:00:00+00:00,522.8457641601562
2024-06-12 00:00:00+00:00,527.1399536132812
2024-06-13 00:00:00+00:00,528.2012939453125
2024-06-14 00:00:00+00:00,528.522705078125
2024-06-17 00:00:00+00:00,532.7291259765625
2024-06-18 00:00:00+00:00,534.0825805664062
2024-06-20 00:00:00+00:00,532.6317749023438
2024-06-21 00:00:00+00:00,531.9176635742188
2024-06-24 00:00:00+00:00,530.1886596679688
2024-06-25 00:00:00+00:00,532.2303466796875
2024-06-26 00:00:00+00:00,532.8945922851562
2024-06-27 00:00:00+00:00,533.7347412109375
2024-06-28 00:00:00+00:00,531.6343994140625
2024-07-01 00:00:00+00:00,532.728515625
2024-07-02 00:00:00+00:00,536.3136596679688
2024-07-03 00:00:00+00:00,538.70703125
2024-07-05 00:00:00+00:00,541.8134765625
2024-07-08 00:00:00+00:00,542.4386596679688
2024-07-09 00:00:00+00:00,542.9661865234375
2024-07-10 00:00:00+00:00,548.3389282226562
2024-07-11 00:00:00+00:00,543.6109008789062
2024-07-12 00:00:00+00:00,547.0397338867188
2024-07-15 00:00:00+00:00,548.5441284179688
2024-07-16 00:00:00+00:00,551.7969970703125
2024-07-17 00:00:00+00:00,544.0602416992188
2024-07-18 00:00:00+00:00,539.8792114257812
2024-07-19 00:00:00+00:00,536.2941284179688
2024-07-22 00:00:00+00:00,541.8233032226562
2024-07-23 00:00:00+00:00,540.973388671875
2024-07-24 00:00:00+00:00,528.7135009765625
2024-07-25 00:00:00+00:00,525.958740234375
2024-07-26 00:00:00+00:00,531.8493041992188
2024-07-29 00:00:00+00:00,532.1619262695312
2024-07-30 00:00:00+00:00,529.4657592773438
2024-07-31 00:00:00+00:00,538.0718994140625
2024-08-01 00:00:00+00:00,530.452392578125
2024-08-02 00:00:00+00:00,520.5762329101562
2024-08-05 00:00:00+00:00,505.41510009765625
2024-08-06 00:00:00+00:00,510.07476806640625
2024-08-07 00:00:00+00:00,506.6654968261719
2024-08-08 00:00:00+00:00,518.3782348632812
2024-08-09 00:00:00+00:00,520.6641235351562
2024-08-12 00:00:00+00:00,520.9376831054688
2024-08-13 00:00:00+00:00,529.5047607421875
2024-08-14 00:00:00+00:00,531.1751708984375
2024-08-15 00:00:00+00:00,540.2796630859375
2024-08-16 00:00:00+00:00,541.4910888671875
2024-08-19 00:00:00+00:00,546.6685180664062
2024-08-20 00:00:00+00:00,545.7794799804688
2024-08-21 00:00:00+00:00,547.6550903320312
2024-08-22 00:00:00+00:00,543.3568725585938
2024-08-23 00:00:00+00:00,549.1302490234375
2024-08-26 00:00:00+00:00,547.8211669921875
2024-08-27 00:00:00+00:00,548.5733642578125
2024-08-28 00:00:00+00:00,545.3887939453125
2024-08-29 00:00:00+00:00,545.4376220703125
2024-08-30 00:00:00+00:00,550.6443481445312
2024-09-03 00:00:00+00:00,539.3126220703125
2024-09-04 00:00:00+00:00,538.2088012695312
2024-09-05 00:00:00+00:00,536.8997192382812
2024-09-06 00:00:00+00:00,527.8635864257812
2024-09-09 00:00:00+00:00,533.7737426757812
2024-09-10 00:00:00+00:00,536.0986328125
2024-09-11 00:00:00+00:00,541.5985717773438
2024-09-12 00:00:00+00:00,546.1605224609375
2024-09-13 00:00:00+00:00,549.0130004882812
2024-09-16 00:00:00+00:00,549.8237915039062
2024-09-17 00:00:00+00:00,550.0485229492188
2024-09-18 00:00:00+00:00,548.4171142578125
2024-09-19 00:00:00+00:00,557.7755737304688
2024-09-20 00:00:00+00:00,556.8113403320312
2024-09-23 00:00:00+00:00,558.2027587890625
2024-09-24 00:00:00+00:00,559.7999267578125
2024-09-25 00:00:00+00:00,558.5652465820312
2024-09-26 00:00:00+00:00,560.7797241210938
2024-09-27 00:00:00+00:00,559.9664916992188
2024-09-30 00:00:00+00:00,562.21044921875
2024-10-01 00:00:00+00:00,557.1739501953125
2024-10-02 00:00:00+00:00,557.4090576171875
2024-10-03 00:00:00+00:00,556.3899536132812
2024-10-04 00:00:00+00:00,561.4461059570312
2024-10-07 00:00:00+00:00,556.370361328125
2024-10-08 00:00:00+00:00,561.63232421875
2024-10-09 00:00:00+00:00,565.5223999023438
2024-10-10 00:00:00+00:00,564.5327758789062
2024-10-11 00:00:00+00:00,567.9132690429688
2024-10-14 00:00:00+00:00,572.557861328125
2024-10-15 00:00:00+00:00,568.1093139648438
2024-10-16 00:00:00+00:00,570.5784912109375
2024-10-17 00:00:00+00:00,570.6275024414062
2024-10-18 00:00:00+00:00,572.8224487304688
2024-10-21 00:00:00+00:00,571.8817749023438
2024-10-22 00:00:00+00:00,571.5780029296875
2024-10-23 00:00:00+00:00,566.355224609375
2024-10-24 00:00:00+00:00,567.580078125
2024-10-25 00:00:00+00:00,567.3841552734375
2024-10-28 00:00:00+00:00,569.1381225585938
2024-10-29 00:00:00+00:00,570.0591430664062
2024-10-30 00:00:00+00:00,568.3345947265625
2024-10-31 00:00:00+00:00,557.1934814453125
2024-11-01 00:00:00+00:00,559.545166015625
2024-11-04 00:00:00+00:00,558.3399658203125
2024-11-05 00:00:00+00:00,565.0912475585938
2024-11-06 00:00:00+00:00,579.142578125
2024-11-07 00:00:00+00:00,583.6206665039062
2024-11-08 00:00:00+00:00,586.1486206054688
2024-11-11 00:00:00+00:00,586.7071533203125
2024-11-12 00:00:00+00:00,584.884765625
2024-11-13 00:00:00+00:00,585.1688842773438
2024-11-14 00:00:00+00:00,581.4060668945312
2024-11-15 00:00:00+00:00,573.9591064453125
2024-11-18 00:00:00+00:00,576.3108520507812
2024-11-19 00:00:00+00:00,578.4174194335938
2024-11-20 00:00:00+00:00,578.6134643554688
2024-11-21 00:00:00+00:00,581.7196655273438
2024-11-22 00:00:00+00:00,583.5226440429688
2024-11-25 00:00:00+00:00,585.5018920898438
2024-11-26 00:00:00+00:00,588.5591430664062
2024-11-27 00:00:00+00:00,586.7758178710938
2024-11-29 00:00:00+00:00,590.4210205078125
2024-12-02 00:00:00+00:00,591.4791870117188
2024-12-03 00:00:00+00:00,591.7535400390625
2024-12-04 00:00:00+00:00,595.427978515625
2024-12-05 00:00:00+00:00,594.4481811523438
2024-12-06 00:00:00+00:00,595.574951171875
2024-12-09 00:00:00+00:00,592.5079956054688
2024-12-10 00:00:00+00:00,590.6658325195312
2024-12-11 00:00:00+00:00,595.2320556640625
2024-12-12 00:00:00+00:00,592.1650390625
2024-12-13 00:00:00+00:00,592.047607421875
2024-12-16 00:00:00+00:00,594.5755615234375
2024-12-17 00:00:00+00:00,592.1258544921875
2024-12-18 00:00:00+00:00,574.4784545898438
2024-12-19 00:00:00+00:00,574.302001953125
2024-12-20 00:00:00+00:00,581.199951171875
2024-12-23 00:00:00+00:00,584.6803588867188
2024-12-24 00:00:00+00:00,591.1791381835938
2024-12-26 00:00:00+00:00,591.218505859375
2024-12-27 00:00:00+00:00,584.9949340820312
2024-12-30 00:00:00+00:00,578.3192138671875
2024-12-31 00:00:00+00:00,576.21533203125
2025-01-02 00:00:00+00:00,574.7994995117188
2025-01-03 00:00:00+00:00,581.9864501953125
2025-01-06 00:00:00+00:00,585.3390502929688
2025-01-07 00:00:00+00:00,578.7223510742188
2025-01-08 00:00:00+00:00,579.5677490234375
2025-01-10 00:00:00+00:00,570.7192993164062
2025-01-13 00:00:00+00:00,571.604248046875
2025-01-14 00:00:00+00:00,572.3907470703125
2025-01-15 00:00:00+00:00,582.8024291992188
2025-01-16 00:00:00+00:00,581.6817626953125
2025-01-17 00:00:00+00:00,587.521728515625
2025-01-21 00:00:00+00:00,592.8995971679688
2025-01-22 00:00:00+00:00,596.232666015625
2025-01-23 00:00:00+00:00,599.4868774414062
2025-01-24 00:00:00+00:00,597.7367553710938
2025-01-27 00:00:00+00:00,589.2816162109375
2025-01-28 00:00:00+00:00,594.344970703125
2025-01-29 00:00:00+00:00,591.6804809570312
2025-01-30 00:00:00+00:00,594.856201171875
2025-01-31 00:00:00+00:00,591.6904296875
2025-02-03 00:00:00+00:00,587.70849609375
2025-02-04 00:00:00+00:00,591.6510620117188
2025-02-05 00:00:00+00:00,594.0499267578125
2025-02-06 00:00:00+00:00,596.1146240234375
2025-02-07 00:00:00+00:00,590.6580200195312
2025-02-10 00:00:00+00:00,594.6693725585938
2025-02-11 00:00:00+00:00,595.1216430664062
2025-02-12 00:00:00+00:00,593.2044677734375
2025-02-13 00:00:00+00:00,599.4672241210938
2025-02-14 00:00:00+00:00,599.4376831054688
2025-02-18 00:00:00+00:00,601.1975708007812
2025-02-19 00:00:00+00:00,602.6133422851562
2025-02-20 00:00:00+00:00,600.1062622070312
2025-02-21 00:00:00+00:00,589.8419799804688
2025-02-24 00:00:00+00:00,587.1580200195312
2025-02-25 00:00:00+00:00,584.2379150390625
2025-02-26 00:00:00+00:00,584.5328369140625
2025-02-27 00:00:00+00:00,575.2025146484375
2025-02-28 00:00:00+00:00,584.178955078125
2025-03-03 00:00:00+00:00,573.9441528320312
2025-03-04 00:00:00+00:00,567.1505126953125
2025-03-05 00:00:00+00:00,573.2461547851562
2025-03-06 00:00:00+00:00,563.0703735351562
2025-03-07 00:00:00+00:00,566.2262573242188
2025-03-10 00:00:00+00:00,551.1445922851562
2025-03-11 00:00:00+00:00,546.5629272460938
2025-03-12 00:00:00+00:00,549.4632568359375
2025-03-13 00:00:00+00:00,542.1387329101562
2025-03-14 00:00:00+00:00,553.3369140625
2025-03-17 00:00:00+00:00,557.6039428710938
2025-03-18 00:00:00+00:00,551.5770874023438
2025-03-19 00:00:00+00:00,557.5842895507812
2025-03-20 00:00:00+00:00,555.9718017578125
2025-03-21 00:00:00+00:00,556.1552734375
2025-03-24 00:00:00+00:00,566.1151733398438
2025-03-25 00:00:00+00:00,567.4760131835938
2025-03-26 00:00:00+00:00,560.7012939453125
2025-03-27 00:00:00+00:00,559.2122802734375
2025-03-28 00:00:00+00:00,547.9507446289062
2025-03-31 00:00:00+00:00,551.6289672851562
2025-04-01 00:00:00+00:00,553.18701171875
2025-04-02 00:00:00+00:00,556.6878051757812
2025-04-03 00:00:00+00:00,529.2538452148438
2025-04-04 00:00:00+00:00,498.2696838378906
2025-04-07 00:00:00+00:00,497.3821716308594
2025-04-08 00:00:00+00:00,489.5918273925781
2025-04-09 00:00:00+00:00,541.0084228515625
2025-04-10 00:00:00+00:00,517.302001953125
2025-04-11 00:00:00+00:00,526.5321044921875
2025-04-14 00:00:00+00:00,531.6401977539062
2025-04-15 00:00:00+00:00,530.1510620117188
2025-04-16 00:00:00+00:00,518.366943359375
2025-04-17 00:00:00+00:00,519.1065063476562
2025-04-21 00:00:00+00:00,506.7503356933594
2025-04-22 00:00:00+00:00,519.9349365234375
2025-04-23 00:00:00+00:00,527.991455078125
2025-04-24 00:00:00+00:00,539.105224609375
2025-04-25 00:00:00+00:00,543.0003051757812
2025-04-28 00:00:00+00:00,543.2074584960938
2025-04-29 00:00:00+00:00,546.6292114257812
2025-04-30 00:00:00+00:00,546.8462524414062
2025-05-01 00:00:00+00:00,550.7217407226562
2025-05-02 00:00:00+00:00,558.896728515625
2025-05-05 00:00:00+00:00,555.6918334960938
2025-05-06 00:00:00+00:00,551.047119140625
2025-05-07 00:00:00+00:00,553.3645629882812
2025-05-08 00:00:00+00:00,557.2202758789062
2025-05-09 00:00:00+00:00,556.5103149414062
2025-05-12 00:00:00+00:00,574.9015502929688
2025-05-13 00:00:00+00:00,578.6981201171875
2025-05-14 00:00:00+00:00,579.4376831054688
2025-05-15 00:00:00+00:00,582.2678833007812
2025-05-16 00:00:00+00:00,585.9559936523438
2025-05-19 00:00:00+00:00,586.596923828125
2025-05-20 00:00:00+00:00,584.624755859375
2025-05-21 00:00:00+00:00,574.7733764648438
2025-05-22 00:00:00+00:00,575.0001220703125
2025-05-23 00:00:00+00:00,571.0753173828125
2025-05-27 00:00:00+00:00,582.9483642578125
2025-05-28 00:00:00+00:00,579.5757446289062
2025-05-29 00:00:00+00:00,581.863525390625
2025-05-30 00:00:00+00:00,581.2127685546875
2025-06-02 00:00:00+00:00,584.4866943359375
2025-06-03 00:00:00+00:00,587.81982421875
2025-06-04 00:00:00+00:00,587.6619262695312
2025-06-05 00:00:00+00:00,584.8218994140625
2025-06-06 00:00:00+00:00,590.8274536132812
2025-06-09 00:00:00+00:00,591.3599243164062
2025-06-10 00:00:00+00:00,594.7128295898438
2025-06-11 00:00:00+00:00,593.0166625976562
2025-06-12 00:00:00+00:00,595.3734741210938
2025-06-13 00:00:00+00:00,588.7171630859375
2025-06-16 00:00:00+00:00,594.3182983398438
2025-06-17 00:00:00+00:00,589.2398071289062
2025-06-18 00:00:00+00:00,589.1510620117188
2025-06-20 00:00:00+00:00,587.7673950195312
2025-06-23 00:00:00+00:00,593.5730590820312
2025-06-24 00:00:00+00:00,600.13037109375
2025-06-25 00:00:00+00:00,600.4666748046875
2025-06-26 00:00:00+00:00,605.1646118164062
2025-06-27 00:00:00+00:00,608.1712646484375
2025-06-30 00:00:00+00:00,611.0791015625
2025-07-01 00:00:00+00:00,610.8812866210938
2025-07-02 00:00:00+00:00,613.6505737304688
2025-07-03 00:00:00+00:00,618.4869995117188
2025-07-07 00:00:00+00:00,613.8780517578125
2025-07-08 00:00:00+00:00,613.5418090820312
2025-07-09 00:00:00+00:00,617.2210083007812
2025-07-10 00:00:00+00:00,618.9617309570312
2025-07-11 00:00:00+00:00,616.7858276367188
2025-07-14 00:00:00+00:00,617.9627075195312
2025-07-15 00:00:00+00:00,615.3220825195312
2025-07-16 00:00:00+00:00,617.3792114257812
2025-07-17 00:00:00+00:00,621.1574096679688
2025-07-18 00:00:00+00:00,620.7024536132812
2025-07-21 00:00:00+00:00,621.87939453125
2025-07-22 00:00:00+00:00,621.9683837890625
2025-07-23 00:00:00+00:00,627.2598266601562
2025-07-24 00:00:00+00:00,627.4674682617188
2025-07-25 00:00:00+00:00,630.1181030273438
2025-07-28 00:00:00+00:00,629.9598999023438
2025-07-29 00:00:00+00:00,628.2982177734375
2025-07-30 00:00:00+00:00,627.507080078125
2025-07-31 00:00:00+00:00,625.1531982421875
2025-08-01 00:00:00+00:00,614.9065551757812
2025-08-04 00:00:00+00:00,624.2530517578125
2025-08-05 00:00:00+00:00,621.0880737304688
2025-08-06 00:00:00+00:00,625.845458984375
2025-08-07 00:00:00+00:00,625.3212280273438
2025-08-08 00:00:00+00:00,630.1972045898438
2025-08-11 00:00:00+00:00,628.9510498046875
2025-08-12 00:00:00+00:00,635.6469116210938
2025-08-13 00:00:00+00:00,637.82275390625
2025-08-14 00:00:00+00:00,637.882080078125
2025-08-15 00:00:00+00:00,636.388671875
2025-08-18 00:00:00+00:00,636.2501220703125
2025-08-19 00:00:00+00:00,632.7984008789062
2025-08-20 00:00:00+00:00,631.1170043945312
2025-08-21 00:00:00+00:00,628.5850830078125
2025-08-22 00:00:00+00:00,638.2382202148438
2025-08-25 00:00:00+00:00,635.42919921875
2025-08-26 00:00:00+00:00,638.0897827148438
2025-08-27 00:00:00+00:00,639.5436401367188
2025-08-28 00:00:00+00:00,641.8085327148438
2025-08-29 00:00:00+00:00,637.98095703125
2025-09-02 00:00:00+00:00,633.2533569335938
2025-09-03 00:00:00+00:00,636.685302734375
2025-09-04 00:00:00+00:00,642.00634765625
2025-09-05 00:00:00+00:00,640.14697265625
2025-09-08 00:00:00+00:00,641.7195434570312
2025-09-09 00:00:00+00:00,643.203125
2025-09-10 00:00:00+00:00,645.0625610351562
2025-09-11 00:00:00+00:00,650.4231567382812
2025-09-12 00:00:00+00:00,650.2055053710938
2025-09-15 00:00:00+00:00,653.6671142578125
2025-09-16 00:00:00+00:00,652.7671508789062
2025-09-17 00:00:00+00:00,651.9561767578125
2025-09-18 00:00:00+00:00,655.0023803710938
2025-09-19 00:00:00+00:00,658.2465209960938
2025-09-22 00:00:00+00:00,661.3607177734375
2025-09-23 00:00:00+00:00,657.7606201171875
2025-09-24 00:00:00+00:00,655.6678466796875
2025-09-25 00:00:00+00:00,652.6429443359375
2025-09-26 00:00:00+00:00,656.3820190429688
2025-09-29 00:00:00+00:00,658.2266845703125
2025-09-30 00:00:00+00:00,660.7061157226562
2025-10-01 00:00:00+00:00,662.95751953125
2025-10-02 00:00:00+00:00,663.7210693359375
2025-10-03 00:00:00+00:00,663.7112426757812
2025-10-06 00:00:00+00:00,666.0914916992188
2025-10-07 00:00:00+00:00,663.6219482421875
2025-10-08 00:00:00+00:00,667.5791625976562
2025-10-09 00:00:00+00:00,665.6452026367188
2025-10-10 00:00:00+00:00,647.6542358398438
2025-10-13 00:00:00+00:00,657.5919189453125
2025-10-14 00:00:00+00:00,656.78857421875
2025-10-15 00:00:00+00:00,659.7044677734375
2025-10-16 00:00:00+00:00,655.211669921875
2025-10-17 00:00:00+00:00,658.9308471679688
2025-10-20 00:00:00+00:00,665.7840576171875
2025-10-21 00:00:00+00:00,665.7740478515625
2025-10-22 00:00:00+00:00,662.3128051757812
2025-10-23 00:00:00+00:00,666.2402954101562
2025-10-24 00:00:00+00:00,671.6851806640625
2025-10-27 00:00:00+00:00,679.6094970703125
2025-10-28 00:00:00+00:00,681.41455078125
2025-10-29 00:00:00+00:00,681.7418212890625
2025-10-30 00:00:00+00:00,674.2439575195312
2025-10-31 00:00:00+00:00,676.4556274414062
2025-11-03 00:00:00+00:00,677.7251586914062
2025-11-04 00:00:00+00:00,669.6917114257812
2025-11-05 00:00:00+00:00,672.012451171875
2025-11-06 00:00:00+00:00,664.8021850585938
2025-11-07 00:00:00+00:00,665.4567260742188
2025-11-10 00:00:00+00:00,675.8407592773438
2025-11-11 00:00:00+00:00,677.3878784179688
2025-11-12 00:00:00+00:00,677.7647705078125
2025-11-13 00:00:00+00:00,666.5179443359375
2025-11-14 00:00:00+00:00,666.408935546875
2025-11-17 00:00:00+00:00,660.2003173828125
2025-11-18 00:00:00+00:00,654.6563110351562
2025-11-19 00:00:00+00:00,657.1853637695312
2025-11-20 00:00:00+00:00,647.1683349609375
2025-11-21 00:00:00+00:00,653.6149291992188
2025-11-24 00:00:00+00:00,663.235107421875
2025-11-25 00:00:00+00:00,669.4734497070312
2025-11-26 00:00:00+00:00,674.09521484375
2025-11-28 00:00:00+00:00,677.7747192382812
2025-12-01 00:00:00+00:00,674.6803588867188
2025-12-02 00:00:00+00:00,675.9300537109375
2025-12-03 00:00:00+00:00,678.2706298828125
2025-12-04 00:00:00+00:00,678.7664794921875
2025-12-05 00:00:00+00:00,680.0557861328125
2025-12-08 00:00:00+00:00,678.0127563476562
2025-12-09 00:00:00+00:00,677.427490234375
2025-12-10 00:00:00+00:00,681.92041015625
2025-12-11 00:00:00+00:00,683.5072021484375
2025-12-12 00:00:00+00:00,676.1580810546875
2025-12-15 00:00:00+00:00,675.1365356445312
2025-12-16 00:00:00+00:00,673.2918701171875
2025-12-17 00:00:00+00:00,665.8832397460938
2025-12-18 00:00:00+00:00,670.9114990234375
2025-12-19 00:00:00+00:00,676.9923095703125
2025-12-22 00:00:00+00:00,681.2098999023438
2025-12-23 00:00:00+00:00,684.3233032226562
2025-12-24 00:00:00+00:00,686.7305297851562
2025-12-26 00:00:00+00:00,686.660888671875
2025-12-29 00:00:00+00:00,684.2138671875
2025-12-30 00:00:00+00:00,683.3783569335938
2025-12-31 00:00:00+00:00,678.3152465820312
2026-01-02 00:00:00+00:00,679.55859375
2026-01-05 00:00:00+00:00,684.0845336914062
2026-01-06 00:00:00+00:00,688.1529541015625
2026-01-07 00:00:00+00:00,685.9347534179688
2026-01-08 00:00:00+00:00,685.8651123046875
2026-01-09 00:00:00+00:00,690.4010009765625
2026-01-12 00:00:00+00:00,691.4852294921875
2026-01-13 00:00:00+00:00,690.1026000976562
2026-01-14 00:00:00+00:00,686.7106323242188
2026-01-15 00:00:00+00:00,688.5806884765625
2026-01-16 00:00:00+00:00,688.0037231445312
2026-01-20 00:00:00+00:00,673.9981689453125
2026-01-21 00:00:00+00:00,681.77685546875
2026-01-22 00:00:00+00:00,685.3379516601562
2026-01-23 00:00:00+00:00,685.5865478515625
2026-01-26 00:00:00+00:00,689.0680541992188
2026-01-27 00:00:00+00:00,691.8134765625
2026-01-28 00:00:00+00:00,691.7438354492188
2026-01-29 00:00:00+00:00,690.3711547851562
2026-01-30 00:00:00+00:00,688.3120727539062
2026-02-02 00:00:00+00:00,691.7339477539062
2026-02-03 00:00:00+00:00,685.885009765625
2026-02-04 00:00:00+00:00,682.5626831054688
2026-02-05 00:00:00+00:00,674.0379638671875
2026-02-06 00:00:00+00:00,686.96923828125
2026-02-09 00:00:00+00:00,690.2816772460938
2026-02-10 00:00:00+00:00,688.4613037109375
2026-02-11 00:00:00+00:00,688.3021850585938
2026-02-12 00:00:00+00:00,677.668701171875
2026-02-13 00:00:00+00:00,678.1461181640625
2026-02-17 00:00:00+00:00,679.2402954101562
2026-02-18 00:00:00+00:00,682.662109375
2026-02-19 00:00:00+00:00,680.8616333007812
2026-02-20 00:00:00+00:00,685.7855834960938
2026-02-23 00:00:00+00:00,678.7827758789062
2026-02-24 00:00:00+00:00,683.7164916992188
2026-02-25 00:00:00+00:00,689.4859008789062
2026-02-26 00:00:00+00:00,685.6561889648438
2026-02-27 00:00:00+00:00,682.3637084960938
2026-03-02 00:00:00+00:00,682.751708984375
2026-03-03 00:00:00+00:00,676.7337036132812
2026-03-04 00:00:00+00:00,681.5082397460938
2026-03-05 00:00:00+00:00,677.70849609375
2026-03-06 00:00:00+00:00,668.82568359375
2026-03-09 00:00:00+00:00,674.6845703125
2026-03-10 00:00:00+00:00,673.6002807617188
2026-03-11 00:00:00+00:00,672.7548217773438
2026-03-12 00:00:00+00:00,662.5390625
2026-03-13 00:00:00+00:00,658.7890014648438
2026-03-16 00:00:00+00:00,665.493408203125
2026-03-17 00:00:00+00:00,667.2440185546875
2026-03-18 00:00:00+00:00,657.9335327148438
2026-03-19 00:00:00+00:00,656.3121948242188
2026-03-20 00:00:00+00:00,646.9034423828125
2026-03-23 00:00:00+00:00,653.6959228515625
2026-03-24 00:00:00+00:00,651.5015869140625
2026-03-25 00:00:00+00:00,655.1322021484375
2026-03-26 00:00:00+00:00,643.432373046875
2026-03-27 00:00:00+00:00,632.4606323242188
2026-03-30 00:00:00+00:00,630.3460693359375
2026-03-31 00:00:00+00:00,648.6688842773438
2026-04-01 00:00:00+00:00,653.5562744140625
2026-04-02 00:00:00+00:00,654.144775390625
2026-04-06 00:00:00+00:00,657.23681640625
2026-04-07 00:00:00+00:00,657.5260009765625
2026-04-08 00:00:00+00:00,674.27294921875
2026-04-09 00:00:00+00:00,678.162841796875
2026-04-10 00:00:00+00:00,677.7140502929688
2026-04-13 00:00:00+00:00,684.3369750976562
2026-04-14 00:00:00+00:00,692.675537109375
2026-04-15 00:00:00+00:00,698.1414184570312
2026-04-16 00:00:00+00:00,699.8569946289062
2026-04-17 00:00:00+00:00,708.3152465820312
2026-04-20 00:00:00+00:00,706.8988037109375
2026-04-21 00:00:00+00:00,702.2708129882812
2026-04-22 00:00:00+00:00,709.3825073242188
2026-04-23 00:00:00+00:00,706.6295776367188
2026-04-24 00:00:00+00:00,712.10546875
2026-04-27 00:00:00+00:00,713.332275390625
2026-04-28 00:00:00+00:00,709.8612060546875
2026-04-29 00:00:00+00:00,709.7515258789062
2026-04-30 00:00:00+00:00,716.8132934570312
2026-05-01 00:00:00+00:00,718.7982177734375
2026-05-04 00:00:00+00:00,716.1649780273438
2026-05-05 00:00:00+00:00,721.9102172851562
2026-05-06 00:00:00+00:00,731.9443359375
2026-05-07 00:00:00+00:00,729.7001342773438
2026-05-08 00:00:00+00:00,735.724609375
2026-05-11 00:00:00+00:00,737.4002685546875
2026-05-12 00:00:00+00:00,736.2831420898438
2026-05-13 00:00:00+00:00,740.4025268554688
2026-05-14 00:00:00+00:00,746.2474975585938
2026-05-15 00:00:00+00:00,737.2706298828125
2026-05-18 00:00:00+00:00,736.751953125
2026-05-19 00:00:00+00:00,731.8446044921875
2026-05-20 00:00:00+00:00,739.3452758789062
2026-05-21 00:00:00+00:00,740.8114624023438
2026-05-22 00:00:00+00:00,743.7239990234375
2026-05-26 00:00:00+00:00,748.6613159179688
2026-05-27 00:00:00+00:00,748.5316162109375
2026-05-28 00:00:00+00:00,752.6609497070312
2026-05-29 00:00:00+00:00,754.5361328125
2026-06-01 00:00:00+00:00,756.5908203125
2026-06-02 00:00:00+00:00,757.6182250976562
2026-06-03 00:00:00+00:00,752.3018798828125
2026-06-04 00:00:00+00:00,755.1445922851562
2026-06-05 00:00:00+00:00,735.65478515625
2026-06-08 00:00:00+00:00,737.3204345703125
2026-06-09 00:00:00+00:00,735.1560668945312
2026-06-10 00:00:00+00:00,723.56591796875
2026-06-11 00:00:00+00:00,735.8642578125
2026-06-12 00:00:00+00:00,739.843994140625
2026-06-15 00:00:00+00:00,752.890380859375
2026-06-16 00:00:00+00:00,748.4019775390625
2026-06-17 00:00:00+00:00,739.0560302734375
2026-06-18 00:00:00+00:00,746.739990234375
2026-06-22 00:00:00+00:00,744.3900146484375
2026-06-23 00:00:00+00:00,733.5800170898438
2026-06-24 00:00:00+00:00,733.239990234375
2026-06-25 00:00:00+00:00,734.2999877929688
2026-06-26 00:00:00+00:00,728.989990234375
2026-06-29 00:00:00+00:00,741.0
2026-06-30 00:00:00+00:00,746.77001953125
2026-07-01 00:00:00+00:00,745.760009765625
2026-07-02 00:00:00+00:00,744.780029296875
2026-07-06 00:00:00+00:00,751.280029296875
2026-07-07 00:00:00+00:00,747.7100219726562
2026-07-08 00:00:00+00:00,745.4000244140625
2026-07-09 00:00:00+00:00,751.7100219726562
2026-07-10 00:00:00+00:00,754.9500122070312
2026-07-13 00:00:00+00:00,749.1699829101562
2026-07-14 00:00:00+00:00,751.8300170898438
2026-07-15 00:00:00+00:00,754.8099975585938
2026-07-16 00:00:00+00:00,750.719970703125
2026-07-17 00:00:00+00:00,743.2899780273438
2026-07-20 00:00:00+00:00,742.0900268554688
2026-07-21 00:00:00+00:00,748.280029296875
2026-07-22 00:00:00+00:00,747.4099731445312
2026-07-23 00:00:00+00:00,738.1799926757812
2026-07-24 00:00:00+00:00,738.9299926757812
